text,true_label,pred_label
"A film that can make you shed tears of sadness and tears of joy would be considered quite a step in the career of a common filmmaker. The fact is, Steven Spielberg, probably our greatest story-teller, has been doing this in various movie formats for years. THE COLOR PURPLE, at the time, was considered risky, especially after action classics like JAWS and RAIDERS OF THE LOST ARK. In hindsight, this film should have come as no surprise, for Spielberg had made us cry tears of joy and sadness in E.T. Critics called COLOR PURPLE his entrance into intellectual fare. It is quite an entrance. No special effects, no swashbuckling, just brilliant story-telling based on a literary classic by Alice Walker. One surprise is how Spielberg could present such a moving film about African-Americans in the deep south. Slavery is gone, but in the south depicted here, it seems as though blacks are using other blacks as slaves. <br /><br />Spielberg is always put down for sentimentalizing his pictures or adding an element of childishness to please the audience. This is really the first of overlooked films from his career that you cannot make these observations. It is the first in a line of films people either didn't see or wouldn't see because there are no aliens. EMPIRE OF THE SUN, ALWAYS, SCHINDLER'S LIST, etc.. His awesome talent is obvious with this specific picture because A) he uses mostly untrained, first-time actors, B) he tackles a subject most felt was unadaptable to the screen, and C) it is pure drama with no strings pulled where characters grow and change over the passage of roughly 30 years. It is almost epic-like in look and scope and the fact that it did not garner a single Academy Award from 11 nominations is a travesty and an insult.<br /><br />Whoopi Goldberg is fabulous as the tortured Celie, an unattractive woman given away by her incestuous father to an abusive Danny Glover, who she only knows as ""Mister"". The film follows a path of occasional beatings and mental torture she goes through while with ""Mister"". The PG-13 rated film is pretty open to the sexual issues raised by the Walker novel. This is not ""The Burning Bed"" in Georgia by any means. There is no blatant revenge taken as might be expected. It happens gracefully. Goldberg perfectly plays a human being, someone in need of love and someone who deserves it. The films' most poignant and heartbreaking moment comes when Goldberg and her sister, Nettie (played by Akosua Busia) are separated, maybe forever. (Possibly foreshadowing Holocaust separation of child and parent?) You may have to check for a pulse if you are not moved by this sequence.<br /><br />The color purple stands for the beauty of the fields and flowers surrounding these poor people. There really is something to live for, but love triumphs over all. Spielberg bashers take note: the guy can make an unforgettable classic without any cute aliens.<br /><br />RATING: 10 of 10",1,0
"Well I just paid a dollar for a DVD of this movie, and it wasn't even worth that. It seems to be from a poor print and is in the public domain, I am guessing.<br /><br />Neagle - despite her glory, awards, and reputation - is a homely British gal who can't sing or dance or act.<br /><br />Some of the fine old Hollywood character actors on display here must have thought they were doing a classic. Director Herbert Wilcox (Neagle's husband) always thought Anna was the most exciting and talented femme on the screen. He was mistaken. She was improbably popular in Britain before and after WWII. Her ""serious"" roles are even more ludicrous than her musical appearance here.<br /><br />Only a couple of the famous songs are included and neither one is well presented. Skip this one and find the one that stars Doris Day. At least you get some real comedy and professional style dancing!",0,1
"The 74th Oscars was a very good one. Whoopi's work as EmCee was very funny, and light. I personally loved her last apperance, which garnered some frigid reviews due to coarse language and salacious jokes, but that's fine. The audience seemed to like it. Halle Berry, Denzel Washington, Ron Howard, Woody Allen, and Sidney Poitier made this an Oscar telecast to remember.<br /><br />",1,1
"Isn't anyone else tired of that old cliché' where a nearly dead person shows up in a horror film, gives us some informations, and then blasts his head off for no apparent reason? I know I am.<br /><br />The sad thing is that it's use in this film is worthless. If you have seen the first film (the first remake I should say) then the information given is completely worthless, because you would have already known it. I guess, you can that it isn't worthless to the main characters..but then why does the idiot shoot himself in the head? Wouldn't he want to live? Sure, he would have died anyway..<br /><br />This is the second film to be titled ""The Hills Have Eyes II."" The first being the sequel to the original 70's film. This is where it gets a little complicated for someone like me. See, I'm probably part of minority of people my age that even knew there was a HHE2 to begin with, much less an original HHE1. And now that we have a sequel to a remake and the fact that this sequel is named exactly as the sequel to the original HHE1...it just makes it worse! But anyways..<br /><br />Wes Craven's original Hills Have Eyes was decent. In the end, though, the idea was better than the presentation, but he most likely had a low budget. To be quite honest, Wes Craven isn't that good of a horror director. He's only made a few good horror movies (Nightmare on Elm St., New Nightmare), a few alright ones (Scream) and a bunch of horrible ones (Cursed, Shocker, Vampire in Brooklyn). Oh yeah, and he made Swamp Thing, as well...but the original HHE2 falls under the latter category. I've only seen a few minutes, but it was terrible.<br /><br />Now he has co-written the new HHE2..and it's such a disappointment! Last year's HHE remake was even better than the original film. It was tense. I guess it had to do with the fact that the main characters were a family, and not a bunch of beer and pot and sex crazy teenagers. It made us feel dirty. For the first hour, we were in hell, and finally in the last few moments, the good guys got revenge on the bad guys and it felt good..<br /><br />This new film has no tension. No suspense whatsoever. Just violent things happening to mostly stupid people. There is hardly any menacing presence here. Just ugly hobos hiding under rocks.<br /><br />I'm getting tired of horror movies where people die because of the stupid mistakes they keep making. It was just the other day that I watching ""Deep Blue Sea"" where Samuel L. Jackson kept on walking around the water, while giving the speech, and then he gets eaten by a shark, only because the idiot stayed to close to the water..something that nobody would do in the given situation! Here is the exact same thing. People go off by themselves to take a leak even though they know people are dying..seriously, couldn't a potty break wait? And then when you think people would have learned, someone else goes of by themselves! Seriously, isn't more scary when the characters are bringing their A-game and still losing? I would think so...<br /><br />It even under delivers. It should have made the first remake look like ""The Fog"" remake (which was less menacing than an episode of ""Becker""). More bad guys. More time in the caves. More tension. More of everything.<br /><br />But it actually downgrades. Less bad guys. No tension. Sure we have more time in the caves, but not a whole lot happens there. In the end, it only seems like there is two or three bad guys. The last film made it seem like a whole tribe of people. Where is this tribe? Who keeps on watching them through binoculars? Seriously, these are the things this film should have brought us, but it ends with the exact same promise that the last film gave us, with that exact same ""being watched"" scene. Come on! I'll give the devil it's due. The look of the film is good..but thats it.<br /><br />I don't even think fans of gore will like this..though I'm probably wrong! There is gore (though most of it is sped-up while in the dark), but without the tension, and characters you even care about..the gore does nothing in my book! In the end, you're not frightened. You;re not shocked (unless you're an 8 year old girl). You don't even feel like you have seen anything new.",0,0
"Vampires, sexy guys, guns and some blood. Who could ask for more? Moon Child delivers it all in one nicely packaged flick! Gackt is the innocent Sho - who befriends a Vampire Kei (HYDE), their relationship grows with time but as Sho ages, Kei's immortality breaks his heart. It doesn't help that they both fall in love with the same woman. The special effects are pretty good considering the small budget. It's a touching story ripe with human emotions. You will laugh, cry, laugh, then cry some more. Even if you are not a fan of their music, SEE THIS FILM. It works great as a stand alone Vampire movie.<br /><br />9 out of 10",1,1
"Don't get me wrong. ""GoldenEye"" was revolutionary and is definitely the best FPS game to be based on the 007 franchise. But the series had fallen into a FPS rut. Enter ""Everything or Nothing"", which puts Bond in third-person. When I wrote my earlier review for ""From Russia With Love"", I had finished FRWL and just started EON and judged EON a bit harshly. Even though FRWL definitely has the edge in nostalgia and capturing the essence of the movie franchise, EON definitely is superior in terms of in-depth controls and gameplay variety. Missions range from standard running-and-gunning to driving an SUV, driving an Aston Martin, driving a limousine that is wired to explode, commandeering two different types of tanks a la ""GoldenEye"", riding a motorcycle, flying a helicopter, repelling down a shaft guarded by laser tripwires, and free falling after a plummeting damsel. Sure, vehicle controls are a little clumsy, but the issue here is the variety.<br /><br />As movie adaptations, ""GoldenEye"" and FRWL were all that I could have hoped for. But EON's original storyline adds to the feeling of controlling a James Bond adventure. This is helped by the impressive cast list of Willem DeFoe, Shannon Elizabeth, Heidi Klum, and Misaki Ito. Judi Dench and John Cleese reprise their movie roles of M and Q, respectively, and Pierce Brosnan, while no Sean Connery, adds credibility to the game's proceedings. All characters resemble the stars, with the disappointing exception of Heidi Klum, who's in-game model doesn't do the real-life model justice. Mya's theme song is on par with at least some of the big screen Bond title tunes.<br /><br />The game also plays tribute to some of the older Bond movies. Willem DeFoe's character is a former colleague of Christopher Walken's baddie from ""A View to a Kill"". Richard Kiel appears as Jaws, the hulking henchman from ""The Spy Who Loved Me"" and ""Moonraker"" in three fight scenes, the first and best of which proceeds in the same fashion a fight in the movies would have.<br /><br />Single-player gameplay mainly consists of standard on-foot missions as Bond. Like Bond, you will be able to choose whether to use stealth or go out with guns blazing. The game provides plenty of opportunities to utilize stealth, with plenty of wall and object cover. Unfortunately, unlike FRWL, only one button in EON controls both crouching and wall clinging, so Bond may end up crouching low when he's supposed to be peeking around a corner, and vice-versa. The game also allows players to go into ""Bond reflex"" mode. While you browse your inventory, everything around you will go into super slo-mo, allowing you to analyze objects around you that can be interacted with. While this takes some getting used to, eventually this mode will allow you to perform many spectacular ""Bond moments"", such as shooting down a chandelier to take out four goons underneath, and greatly add to the Bond movie feeling.<br /><br />There are 3 available difficulty levels: Operative, Agent, and Double Oh. On Operative, you can breeze through in a few hours. On Agent, a few weeks. On Double Oh, a few months. The difficulty level can be changed for each individual mission. Garnering high scores on missions will unlock gold and platinum awards and effect features such as vehicle upgrades and the skimpy outfits the Bond girls wear. Some missions can be extremely frustrating due to a scarcity of checkpoints, but when all is said and done, no mission is any longer than a single action scene in a Bond movie.<br /><br />Multi-player, unfortunately, is not as thrilling. ""GoldenEye"" still has the best multi-player mode of any Bond game. EON's main multi-player is a co-op campaign mode that puts players in charge of lesser MI6 agents on a less important mission than Bond's. A more standard third-person death match can be unlocked from this mode. But the single-player mode is the most complete Bond experience to date. The ending, as with most Bond games, is anticlimactic. While the final mission is one of the most aggravating of the game, the final confrontation with the villain is disappointing. Also, levels that require Bond to be speedy become largely a matter of trial and error. Still, for any serious Bond fan, not playing this game is tantamount to missing one of the Bond films.",1,1
Another good Stooge short!Christine McIntyre is so lovely and evil and the same time in this one!She is such a great actress!The Stooges are very good and especially Shemp and Larry!This to is a good one to watch around Autumn time!,1,1
"I looked over the other comments and was thoroughly amused to find that clearly only people who actually worked on the movie had commented. I mean, I hate to say bad things about an amateur production, but if you make a bad movie and want to comment on it, tone it down a little. ""Groundbreaking"" is a little over the top. This is a Boston based college production that doesn't even achieve the level of most amateur college film. It's what you would expect a bunch of kids to do. A silly action film without much creativity. It's pretty funny if you're willing to poke fun at it. Not something you will ever see unless you are a student at Emerson college.",0,0
"This is a big step down after the surprisingly enjoyable original. This sequel isn't nearly as fun as part one, and it instead spends too much time on plot development. Tim Thomerson is still the best thing about this series, but his wisecracking is toned down in this entry. The performances are all adequate, but this time the script lets us down. The action is merely routine and the plot is only mildly interesting, so I need lots of silly laughs in order to stay entertained during a ""Trancers"" movie. Unfortunately, the laughs are few and far between, and so, this film is watchable at best.",0,0
"Roommates Sugar and Bobby Lee are abducted by menacing dudes while out shopping one day and taken back to a secluded island that the girls reluctantly tell the thugs that they last visited when they were ten years of age and that a fortune is located on. All that just pretty much bookends a movie that is pretty much one long flashback about the girls first visit to the island and subsequent fight with a cannibalistic family.<br /><br />This one is extremely horribly acted by everyone involved to the point that I started feeling bad for poor Hank Worden who truly deserved much MUCH better. As much as I didn't like ""Barracuda"" (that's on the same DVD) I have to admit that this film makes that one look like Citizen Kane.<br /><br />Eye Candy: one pair of tits (they might belong to Kirsten Baker) <br /><br />My Grade: F <br /><br />Dark Sky DVD Extras: Vintage ads for various drive-in food; and Trailers for ""Bonnie's Kids"" (features nudity), ""the Centerfold Girls"", ""Part-time Wife"" (features nudity), ""Psychic Killer"", & ""Eaten Alive"". The DVD also comes with 1978's ""Barracuda""",0,0
"This is one of the worst movies I've seen in a long time. The story was boring, the dialogue was atrocious and the acting hammy. I'm not sure if this movie was the result of a film school homework project, but it certainly played like one. It is not even particularly successful in its central conceit of trying to appear as a single continuous take. The whooshing horizontal camera pans are a cheap and unoriginal way of hiding cuts.",0,0
how can a director that makes such great films as poltergeist and the texas chainsaw massacre make such rubbish as this? i got this film off a friend and he didnt want it back its so bad. how this can be classed as horror i will never know.<br /><br />2/10,0,0
"I first watched the Walking Tall movies when I was about 8 years old and I thought both Joe Don Baker and Bo Svenson did a great job, they must have anyway because since watching the movies, I have tried to learn as much about the real Sheriff Buford Pusser as I can. All 3 parts of the movie gave me chills and Buford Pusser was a true hero, I only wish he were alive today and that there were more people like him. I would love to thank him for getting rid of all the crime and being so brave. I am very sorry that his family had to go through such horror and pain. My heart goes out to them. So from a 30 year old fan of Sheriff Pusser and of the 3-part Walking Tall movies and the actors that portrayed him, please do not be negative about these movies and actors, they were only trying to let us know what a wonderful man the real Buford Pusser was and what a great family he had. And to all the young people who may have not heard much about Buford, I suggest you watch the Walking Tall movies and learn more about him.",1,1
"I thought it was an extremely clever film. I was very pleased with it and truly couldn't' ask for more. I actually own the film because I didn't return it to someone... Which I should do, but I really want to keep it due to how much I enjoyed it. Also, the fact I don't own too many foreign films and this is a first. Now, I personally love Finnish stuff so, that definitely added to how much I enjoyed it. But overall, its worth watching. However, if you're not into the whole trying to understand Finnish or read Subtitles bit, then this film is not for you.<br /><br />9/10 for sure.",1,1
"When a small hobbit named Frodo Baggins inherits a magic ring from his uncle, the wizard Gandalf investigates and discovers that the ring is an ancient creation of an evil dark lord. Should the ring end up back in his hands, he will regain his power and destroy Middle Earth. Frodo and his loyal friends set out on a a quest to destroy the ring with a band of warriors. This is an underrated adaption of the classic novels as it only covers the first half of the story. Regardless, this is an epic and wonderfully animated film.<br /><br />The animation is superbly done with rotoscope, which is tracing over live action footage. Ralph Bakshi worked well with the low budget he was given. The film also boasts a grand music score by Leonard Rosenman that fits every scene. There are a few plot holes with the script, but that has to be excused, considering the original deal was to make the book trilogy into two films, much had to crammed in the first one. My biggest gripe is some of the character design, Samwise was a bit too goofy, while the other hobbits act completely normal. The other characters are actually well written for the screen, and the voice actors do a great job, I was pleased that Legolas is actually a bit more helpful to the plot. The rotoscoped orcs are more comical than frightening, while the ringwraiths are eerie and nightmarish.<br /><br />Another problem is that the evil wizard Saruman is called Aruman, thanks to the writers. Overall, I think a little more money and better writers would have done this a lot of justice, but there is something charming about it. Ralph Bakshi made a valiant effort of making screen adaption of these classic stories. The film suffers terribly from being overshadowed by the live action films, but it's still a great movie for animation lovers of all ages.",1,1
"The film ""Cross Eyed"" by Adam Jones propels the viewer on a ride of redemption as the main character takes back control of the wheel and sets his life in order. Adam Jones has found an imaginative and refreshing way to empower his character and actualize what matters most. These truths become apparent to both the characters and viewers as you laugh and gag to the credits with them. The simple yet attractive settings\costumes keep you guessing about what you will see next. You can't help but smile and laugh at the antics that take place in this movie. I can't wait for his sophomore effort. It is only a matter of time before Jones strikes again. Bravo!",1,1
The Pallbearer is a disappointment and at times extremely boring with a love story that just doesn't work partly with the casting of Gwyneth Paltrow (Julie). Gwyneth Paltrow walks through the entire film with a confused look on her face and its hard to tell what David Schwimmer even sees in her.<br /><br />However The Pallbearer at times is funny particularly the church scene and the group scenes with his friends are a laugh but that's basically it. Watch The Pallbearer for those scenes only and fast forward the rest. Trust me you aren't missing much.,0,0
"Terrible movie. If there is one Turkish film you should avoid seeing in 2006, that should be Banyo. What a waste of time. Other than couple of cheap laughs this movie achieves nothing, nada, zilch, nil. The dialog is cheap, and sexual clichés are all over it. The director needs to watch more films before attempting to direct his own. The red headed women displays examples of what an actress should not do. If you are interested in learning how not to act this is a perfect example of bad acting. The only good thing I can say about the movie is, wait, wait, there is nothing good I can say about it. I must have really disliked it to write about it this much. Jeez!",0,0
"Where to begin. This movie started out as something that seemed like a rip-off of ""Darkness Falls"". An old , disfigured woman living in the woods, giving kids presents for their teeth. Sound familiar? Then it changes. In ""Darkness Falls"", the tooth fairy only killed you if you saw her. The tooth fairy in this movie killed you no matter what. Why did they need the rocker, his hippie girlfriend or the Bubbas and their sister? I think the movie would've been fine without them. It seems like the producers sat around and decided that they needed to put extra people in the movie just so the tooth fairy would have people to kill. Although, it's nice to see a pretty blonde girl not being portrayed as a bubble-head for a change. Okay to rent, but I wouldn't suggest buying it.",0,1
"You gotta love the cheesy low budget movies. This one comes complete with bad effects, props and bad acting (really bad). Plus, every time I see Mercedes McNab (the sister) I keep thinking 'Watch out! She's a vamp!""- for those that know Buffy/Angel.<br /><br />A perfect example of what happens when someone with bad taste and wants to waste money making a flick, the little that was spent of course. I don't know if I feel more sorry for the writer of the movie or the producer who didn't make back any money.<br /><br />I'd say it's good for little kids in it's simplicity, but I don't know if I'd want to subject a kid to it...<br /><br />umm...1/10 because that's the lowest it will go.",0,0
"Bette Midler showcases her talents and beauty in ""Diva Las Vegas"". I am thrilled that I taped it and I am able to view whenever I want to. She possesses what it takes to keep an audience in captivity. Her voice is as beautiful as ever and will truly impress you. The highlight of the show was her singing ""Stay With Me"" from her 1979 movie ""The Rose"". You can feel the emotion in the song and will end up having goose bumps. The show will leave you with the urge to go out and either rent a Bette Midler movie or go to the nearest music store and purchase one of Bette Midler's albums.",1,1
"This flick is sterling example of the state of erotic B-movies: bad porn movies without the hardcore sex. The plot in this one isn't so bad as these things go; it involves a female lawyer trying to prove her lover is innocent of killing his wife. The rest of the movie, however, leaves something to be desired. Bad acting, bad direction, bad looking woman, bad sets, bad cinematography, bad sound and bad sex scenes. The filmmakers should learn the difference between raunchy and erotic. They don't even have the common sense to have Gabriella Hall naked or in a love scene.<br /><br /> How dumb is that?",1,0
"A woman asks for advice on the road to reach a mysterious town, and hears two ghoulish stories from the local weirdo, both zombie related. But perhaps fate has something nasty in store for her too...<br /><br />The Zombie Chronicles is absolutely one of the worst films I have ever seen. In fact I must confess, so bad was it I fast forwarded through most of the garbage. And there was a lot of that, believe me. It runs for just 69 minutes, and there is still tons of filler. You get some skinhead doing a lot of push ups, plenty of dull kissy-kissy scenes between goofy teens (that rhymed, tee hee) and some fine examples of why some people should never become actors.<br /><br />As for the title characters, they barely even have a footnote in the film. Why, you get more undead action in the intro than you do the preceding feature! Though, considering how pathetic the eyes bursting out of sockets and the eating of brains sequences are (amongst other 'delights'), maybe that's a blessing in disguise.<br /><br />And to top it all off, it looks likes it's been filmed on someone's mobile phone for broadcast on Youtube. Jerky camera-work, scratches on the print, flickering lights... I had to rub my eyes when I realised it was made in 2001, and not 1971. Even the clothes and fashioned look about three decades out of date!<br /><br />If you think I'm not qualified to do a review of Chronicles having not seen the whole film, then go ahead. YOU try sitting through it, I betcha you won't even make it to the first appearance of the blue-smartie coloured freaks before making your excuses and leaving. It is truly laughable that anyone chose to release it, and honestly you'll get far more fun resting your drink on the disc than actually torturing your DVD player with this gigglesome excuse for horror. In fact, don't for surprised if it packs it's bags and leaves in the morning, leaving you doomed to watch VHS tapes for the rest of your life. You have been warned... 0/10<br /><br />P.S What kind of 18-rated horror has the woman keep a massive sports bra on during the obligatory sex scene?! See, the movie can't even get that part right...",0,0
"First off, if you're planning on watching this, make sure to watch the UNCUT version (although it is very interesting to go back and then watch the scenes that were tampered with due to censorship), it makes a HUGE difference. This film is about a young woman, played by Barbara Stanwyck, who since the age of 14 has been forced into prostitution by her own father. When her father suddenly passes away, she is able to go out into the world on her own. After reading about Nietzsche's philosophies on life, she uses her sexuality to manipulate men into giving her what she wants and leaves them in ruins and desperate for her love. Throughout the movie she becomes increasingly materialistic and manipulative and the audience begins to wonder is she has any sense of morality left at all. Overall, Baby Face is a very shocking movie with blatant scenes of sexuality that most people would not expect to see in a black and white film. While no sexual acts are explicitly shown on screen, it is very obvious what is happening off camera.<br /><br />I enjoyed watching this film very much and I believe most modern audiences will get at least some enjoyment out if it, especially with the films shock value. I did think while watching it that the pacing seemed a bit slow at parts, but I think that about most movies the first time is see them. Actually, I think that almost all movies I've seen made from the early 30's had some minor pacing problems or certain parts just didn't quite ""flow"" right. This was probably just the craft of film-making wasn't quite perfected yet  it would take just a few more years. Compare a film from 1939 and compare it with an early 30's film and I think you'll see what I mean.<br /><br />Once again, I'm very glad I was able to watch the original cut; it really does make a big difference. Also any John Wayne fans will be surprised to see him in this movie before he was famous in an uncharacteristic role.",1,1
i two came home from school fast as i could to catch HRpuff and stuff on t.v. that was the most fun time in my life is to watch HRpuff and stuff on t.v. growing up still love it today i am 46 years old. this year......,1,1
"This film was on last week and although at that time of the day (around 6pm) the quality of the movies is almost never good (at least here on Mexican TV), I couldn't switch the TV off. The story about Madelene Moore really touches you. She doesn't come across as a very sympathetic character at first, but seeing the whole film, you just want her so succeed. This film really leaves you thinking. And i think that basically due to the great acting of Brooke Johnson. I had never heard of her before nor knowingly seen her in another film, but this was great great acting. Compliments to Brooke. I hope to see her in another film soon.",1,1
"This movie start quite gruesomely with a female being bound and psychologically tortured. There's male full frontal nudity, dead animal parts, dogs licking nipples, the female loosing control of her bladder. All shot in a gray cold color. Effective, but a little too much. We then move on to seeing the BTK killer's youth as well as the present and his history of crimes. The tension is entirely psychological and the scenes of the killer entering the homes of his victims and talking to them lasts for quite a long time and it's creepy. Here we don't see fancy or good imagery, it looks as if shot with your home camera. It doesn't look horrifying, but in a way seeing a criminal engage his victims for quite some time before killing them is quite unusual and chilling. What this movie doesn't have is any drama, really. There are some cop scenes every once in a while, but there's no excitement in terms of them finding the killer. There isn't much of an arc to this story. This could have been an effective psychological thriller, a study of madness. Unfortunately, the movie is filled with real slaughterhouse footage. It's dispersed throughout the movie and comes on suddenly again and again. Sometimes you don't know it's coming and don't have enough time to look away. And that I have to reject. I'm all for low budget horror movies but I don't tolerate animal suffering. It was unnecessary, excessive, and comes without warning. I'm glad that Lionsgate releases stuff that no one else does, but they should have passed on this movie or edited out the animal gore. Stay away from this garbage.",0,1
"I don't remember this film getting a cinema release over here. I only saw it when it came onto cable. The film deals with the dehumanisation of children into killing machines. Specifically one person, the way he gets replaced and dumped (literally) into an off-world community where he finds himself unable to cope with coming to terms with who he really is and what he feels.<br /><br />Seems to me that a lot of people expected this to be Rambo in space, and would have been happy if it was.<br /><br />I'm certainly happy it was'nt - Kurt does a fine job of portraying an emotional cripple. The scene where he's sitting outside the compound shows this, albeit the decision for two slow-mo replays detracts from the moment.<br /><br />This is not a classic SF movie in the way that Bladerunner, Alien, Silent running, Logan's run or THX1138 were, however it is unfortunately the nearest I've seen to it in a long time.<br /><br />He changes in the movie to a believable degree, he does'nt crack Arnie one liners, he does'nt become Snake Plissken and there is no definative happy ending.<br /><br />That's why this film did'nt do well. It did'nt follow formula, and among a 18-25 year old target American audience, that's unforgivable as it was was'nt what they expected to see.<br /><br />Fear and discipline.<br /><br />Always.",1,1
"for those of you who love lord of the rings and love special effects, watch this movie! this will be sure to keep you glued to the screen. you will probably even like it if you like watching people fight with magical stuff.",1,1
"My siblings and I stumbled upon The Champions when our local station aired re-runs of it one summer in the 1970's. We absolutely adored it. There was something so exotic and mysterious about it, especially when compared to the usual American re-runs (Petticoat Junction, Green Acres... you get the idea). It had a similar feel to The Avengers (not too much of a surprise, since it was also British and in the spy/adventure genre).<br /><br />I would love to see it again now -- hopefully it holds up. I've mentioned this show to others and no one has ever heard of it, so I began to wonder if I'd imagined its whole existence. But the wonder that is the web has allowed me track down information about it. Hopefully it will find a new generation of fans.",1,1
"Every time you think you have a handle on Deathtrap, another plot twist comes along. Best to just sit back and enjoy the ride on this one. Most noted for its on screen kiss between Michael Caine and Christopher Reeve (which was unfortunately cut from the televised version I saw), this movie has a great deal more to recommend it.<br /><br />Sidney Bruhl (Michael Caine) is a very unhappy man. Once a successful playwright, his last several plays on Broadway have flopped. And while his wife Myra (Dyan Cannon) is nothing but supportive, in both the monetary and emotional sense, this does little to make Sidney feel any better. To add insult to injury, young playwright, Clifford Anderson (Christopher Reeve), has just sent Sidney a play to look at. It's Anderson's first, and Sidney can see that the young man is a gifted writer. He jokes to his wife that he should invite Anderson over, kill him, and submit the play as his own. She laughs with him at first, but when Sidney actually invites Anderson over for dinner, she worries that he may really be putting his scheme into action. And her fears just may be justified...<br /><br />It's a brilliant script. There are twists and turns all through the plot, and they come faster and more furious as you get closer to the end. It's the kind of film that has you on the edge of your seat from the beginning, and keeps you there the entire time. An absolute masterpiece of suspense and mystery.<br /><br />The acting is excellent. Caine gives his usual excellent performance, and he does exhibit a knack for playing cultured, refined, and intellectual men. Reeve also gives an excellent rendering of a man who isn't nearly as wide eyed or innocent as he seems. Cannon's franticness works well for Myra. And Irene Worth gives a nice performance as a nosy neighbor who is also a psychic.<br /><br />This is a film with an ending you'd never expect, and repeated watchings help to pick up on things missed in earlier viewings. An unsung classic that is unfortunately only remembered for a scene which ruffled some sensibilities at the time - and that is a real shame.",1,1
"I watched 3/4 of this movie and wondered why it got such horrible reviews here. It was fairly easy to watch (at 3am). It had good casting - Kevin Dillon's role of the sociopath serial killer was very believable - he was both charasmatic and chilling. The rest of the main characters weren't so bad either.<br /><br />This is your typical stalker/suspense movie. A married couple cannot conceive so they go to a fertility clinic for help. A sociopathic ""genetic material"" donor fixates on the recipients and, in typical stalker form, intrudes into their lives.<br /><br />As I said, most of the movie was fairly good.. we see ""Conan"" grow more and more obsessed in raising his baby and creating the perfect family with the mother. Of course things don't work out for him the way he planned. Not a bad plot line.<br /><br />But, the last 15 minutes were just horrible. I am pretty tolerant with movies (especially at 3am!).. but, I was just amazed at how bad the ending was written. I actually scoffed outloud!<br /><br />All in all, not the worst movie I've seen, but I wouldn't be able to sit through it again (unless I skipped the ending). The only redeaming quality here was Kevin Dillon's role - - one of the best serial killers ever.<br /><br />Try looking around at the other channels before watching this.. But, if nothing better is on, I'd give it a try.. =)",0,0
"A broke would be screenwriter and his would be agent (Tom Wood and Arye Gross) are forced to live in a self storage facility run by an eccentric and intimidating manager (Ron Perlman) whom they come to believe is the serial murderer that is terrorizing the city, the ""Costume Killer"" (so named because, after injecting his victims with Windex, he dresses them in silly costumes). They convince him his life story would make a great film and gather together a group of misfit wannabe film makers (John Considine, Joe Pantoliano, Kristy Swanson) and discover that the art of movie making can be murder.<br /><br />There is more to this movie but it was unfortunately left on the editing room floor and it shows (rumor is the studio wanted a ""lighter"" dark comedy). Our loss (and the actors, who all do fine jobs and deserve better) as this has the makings of an exceptional black comedy but only rises to mediocre cute.<br /><br />If you're a Ron Perlman fan this is absolutely worth getting just for his performance. His comedic timing is excellent and he has the chance to do some really great impressions (he wasn't kidding when he said on the Hellboy movie commentary that he needed an intervention when he gets into Jerry Lewis mode). He's just simply fun to watch in this one. <br /><br />David Dukes also shines in a two-scener (but pivotal) role.",0,1
"How this film could miss so many of the fascinating, complex and mysterious aspects of the original story or the original movie is truly remarkable. An unbelievably thin and unengaging plot, ankle-deep characterisation/motivation and a really awful soundtrack (replacing tension with vast swathes of noise, replacing the arcane musical references of the original for digitised crashes and roars. Then there are the specific references to the original which are merely ""plastered on"" over the cracks... Dreadful. In a world where gormless, brain-dead Amerikan remakes of The Italian Job (a tear appears), Get Carter (sobs uncontrollably) and Alfie have desecrated our screens recently, this one takes the proverbial biscuit. Execrable nonsense. How Ellen Burstyn ever got involved is a wonder... Rubbish.",0,1
"This movie is by far the worst movie ever made. If you have to create a film costarring the guy who plays Lars in heavyweights than don't make the damn film. I have to say that I could watch Leprechaun in Space 6 times before I could watch the trailer for this POS of a movie. Adam sandler should be restricted from any movie after this disgrace. Watching this movie is like a mix of listening to Cher and willingly putting your dick in a blender. Anyone with half of a brain cell will realize that this movie is not worth a dime. If I had an extra dollar and had to spend it, I'd give it to the support Lorraina Bobbitt foundation before buying this movie.",0,0
"<br /><br />I'm sure things didn't exactly go the same way in the real life of Homer Hickam as they did in the film adaptation of his book, Rocket Boys, but the movie ""October Sky"" (an anagram of the book's title) is good enough to stand alone. I have not read Hickam's memoirs, but I am still able to enjoy and understand their film adaptation. The film, directed by Joe Johnston and written by Lewis Colick, records the story of teenager Homer Hickam (Jake Gyllenhaal), beginning in October of 1957. It opens with the sound of a radio broadcast, bringing news of the Russian satellite Sputnik, the first artificial satellite in orbit. We see a images of a blue-gray town and its people: mostly miners working for the Olga Coal Company. One of the miners listens to the news on a hand-held radio as he enters the elevator shaft, but the signal is lost as he disappears into the darkness, losing sight of the starry sky above him. A melancholy violin tune fades with this image. We then get a jolt of Elvis on a car radio as words on the screen inform us of the setting: October 5, 1957, Coalwood, West Virginia. Homer and his buddies, Roy Lee Cook (William Lee Scott) and Sherman O'Dell (Chad Lindberg), are talking about football tryouts. Football scholarships are the only way out of the town, and working in the mines, for these boys. ""Why are the jocks the only ones who get to go to college,"" questions Homer. Roy Lee replies, ""They're also the only ones who get the girls."" Homer doesn't make it in football like his older brother, so he is destined for the mines, and to follow in his father's footsteps as mine foreman. Until he sees the dot of light streaking across the October sky. Then he wants to build a rocket. ""I want to go into space,"" says Homer. After a disastrous attempt involving a primitive rocket and his mother's (Natalie Canerday) fence, Homer enlists the help of the nerdy Quentin Wilson (Chris Owen). Quentin asks Homer, ""What do you want to know about rockets?"" Homer quickly anwers, ""Everything."" His science teacher at Big Creek High School, Miss Frieda Riley (Laura Dern) greatly supports Homer, and the four boys work on building rockets in Homer's basement. His father, however, whose life is the mine, does not support him. John Hickam (Chris Cooper) believes that Homer shouldn't waste his time on the rockets, that the coal mines are all that matter. The coal from the mines is used to make steel, and without steel, the country would be nothing. The difficult relationship between Homer and his dad is one of the most poignant relationships I have ever seen in a film. Miss Riley introduces Homer to the idea of entering the local science fair, with a chance to go the nationals and win a college scholarship. ""You can't just dream your way out of Coalwood,"" she tells Homer. Homer and his friends act upon their dreams by working constantly on the rockets, improving the models with each attempt. Despite the many attempts, the boys do not lose their determination. ""What are the chances of us winning that science fair,"" O'Dell asks Homer in one of their more despairing moments. ""A million to one,"" answers Homer. ""That good?"" O'Dell replies, ""Well, why didn't you say so?"" The music, composed by Mark Isham, conveys sadness and hope at the same time, especially sad at a point when Homer descends into the mine shaft and loses sight of the sky and his dreams of getting out of Coalwood. Rollicking 1950s' rock and roll, including songs by The Coasters and Buddy Holly, occasionally pushes the instrumental pieces aside to create a light-hearted mood that contrasts the teenagers' lives with the lives of the miners. The film, photographed by Fred Murphy, also uses colors to set moods and symbolize. The town of Coalwood, actually filmed in Tennessee, is washed with blues, grays, and browns. It's as if the grime from the coal sticks to everything- faces, clothes, houses, and roads. When a couple in a gleaming red convertible stops to ask for directions from the boys, it is obvious that they are from the world outside of Coalwood and the Olga Coal Company. The book on guided missile design that Miss Riley gives Homer is red. The red stands out enough against the blue-gray world of Coalwood to symbolize ""getting out"", but it is still subtle. The reds are fleeting hints of a world that Homer only dreams of. Jake Gyllenhaal expresses such zeal, hope, and pertinacity as Homer Hickam that it is hard to believe he isn't the real Homer we see in actual footage at the end of the film. Chris Cooper is also extraordinarily believable as Homer's stubborn father, who doesn't recognize, or just doesn't want to admit, that the mine is not producing enough to keep the town alive. Homer, and everyone who encourages him in his rocket-building, is aware that the town is dying. With the community disintegrating, the only way they stay together is by gathering for the rocket boys' demonstrations. Again, I'm sure things didn't happen exactly as the movie portrayed them, but what would a movie be without a bit of idealism? ""October Sky"" has just enough of that to make it a great motion picture and enough rawness to keep it real.",1,1
"This movie is an abomination, and its making should have been considered a capital crime.<br /><br />One of the great mysteries of film-making is why nobody ever has made a faithful movie adaptation of this wonderful mystery. It is a tale of a really gripping mystery, nice old-fashioned romance, and dry English humor. Why did the makers have to change Richard Gordon from a Scotland Yard policeman to an amateur detective, introduce the idiotic role and caricature of his English servant, change the part of the main storyline about the murder charge and circumstances of Gordon's struggle to save the accused, etc., etc.? These producers and directors who always think they can make a better story than the one in the book should write the original script themselves and not to rape another person's product.",0,1
"please save your money and go see something else. this movie was such piece of crap. i didnt want to go, but i had to so i thought i'd laugh at least once, NOPE. not a single laugh, it was that horrible! chris kattan will never get a good comedy role after this and ""a night at the roxbury."" this movie is completely obvious, has no smart humor at all, and just repeats itself over and over again. listen to me, and stray as far away from this movie as you possibly can!",0,0
"I've watched this movie a number of times, and found it to be very good. This movie is also known as ""Castle Of Terror"", ""Coffin Of Terror"", and ""Dance Macabre"". Barbara Steele, is her usual beautiful/creepy self. George Riviere, the male lead, does a good job with his role. The whole movie is dripping with atmosphere, and there is a good deal of tension throughout. The camera angles are good and the acting, for the most part, isn't bad. This film is quite suitable for a rainy day or evening. I have the DVD uncut version, which is far superior to the edited TV version. Grab some popcorn, turn out the lights, settle back and enjoy. John R. Tracy",1,1
"I've seen this film more than once now, and there's always someone complaining about the ""obvious construction"" of the plot afterwards. But then - this is part of Petzold's game: he plays along with the rules of genre.<br /><br />It's very nice, how the highly improbable story of how the two girls (Timoteo/Hummer) meet, is again mirrored in another, even more improbable story, that the girls make up for a casting. This film is a journey between fact and fiction, it's more about potentials, things that might have happened in the past or might be happening in the future, than it is about actual ongoings. It's a reverie, sorts of - so apt enough there are a lot of motives, Freud might have found interesting for his dream analysis, like all the ""doppelganger""-constellations. <br /><br />Also, I think, ""Gespenster"" might be interesting to be watched in comparison to current Asian cinema of the uncanny: Petzold's everyday urban architecture also feels haunted in an unobtrusive, strangely familiar way. This film is not about the obvious. To describe it as the story of two girls who meet and eventually become friends and lovers, or as the story of an orphaned mother, who searches Europe for her lost daughter, clearly doesn't say much about the nature of ""Gespenster"" at all.",1,1
"OK, so Soldier isn't deep and meaningful like Blade Runner or as big budget as Terminator 2 but on the whole I found it quite enjoyable.<br /><br />The fact that Kurt Russell stayed in character not speaking and being virtually emotionless made the moments when his humanity broke through all the more poignant. I found his portrayal of restricted emotional development more touching than Arnie's in the T films (and before I get comments yes I know that Arnie was a cyborg and Kurt was human but the premise put forward by both films was the same).<br /><br />So to the film itself, a reasonable US/Brit cast are able to flesh out this little story. Not really sure if Gary Busey and his two deputies were baddies or goodies, so was unable to decide whether I liked them or not. The colony was a little more realistic neither a misguided bunch of peace loving/gullible/cowardly hicks who get wiped out from the get go nor a group of subversive aggressive terrorists paranoid about offworlders and each other.<br /><br />Kurt Russell is good and unlike other comments I do not feel this will have a negative impact on his career (unlike maybe Escape from LA - sequels are such fickle creatures!). Sean Pertwee has really done his late father proud by continuing the families noble Sci-Fi lineage. And the rest of the cast helped flesh out this pathetic band of people making the most of a bad situation and not doing too badly.<br /><br />If you see this on your TV schedule I would recommend giving it a chance. I don't think you will be disappointed.",1,1
"This movie starts out with an execution of a practitioner of witchcraft and his mistress. His head is chopped off and buried separately of his body...sounds like ""The Thing that wouldn't die"" doesn't it? Well it does play out a little like that, but once the body is reunited with the head, all the interesting and gruesome deaths are done and the movie moves very slowly. I mean the movie is only 88 minutes long and I kept thinking ""When is it going to end""? The characters in the movie are idiots for the most part and they pretty much deserve to die for being really stupid. The villain is also very bad as he is slow moving and really you wonder how he manages to do anything considering he is afraid of jewelery. The only thing to keep you watching after the head is reattached is the fact that there are so many boobs being flashed that you really begin to lose track. Still I want to see a horror movie, not a soft core porn flick and as a horror movie it is way to slow moving with way to many slow stretches to be even somewhat enjoyable. And don't read the back of the box as it made it out like there were flesh eating zombies attacking the town, there isn't...only a small scene where three or four zombies attack a house and are so easily repelled they are not a factor in the movie at all and their scene is rather pointless. So for the most part I say you should avoid this movie unless you come across it for really cheap.",0,1
"Don't spend your money or your time on this pitiful piece of film in the guise of cinematography.When every third word is devoted to foul language and there is no real plot as well as having a cast of old actors who are still giving the same dated performances from the past and have not evolved in their careers, leaves a lot to be said. I was expecting something better from award winning actor Benicio del Toro. The vision that others may have of Puertorricans will be irreversibly distorted by such trash as Maldeamores. A foul word at a given moment in a film may be used to emphasize a given point of view and may even be funny or sad depending on its context (see the movie Elsa and Fred for example) but it should not permeate the plot. The movie is a total embarrassment and there was absolutely nothing funny or even cute about this film.",0,0
"It has taken me a while to watch this version as unfortunately I don't seem to be able to rent it in the video store, only the other version but I fell in love with it. I was always borderline with the other Emma. Gwenneth and Toni Collette, as they are not British naturally have to put on the accent, and well to me it doesn't seem natural. It seems put on. Sorry but don't think Toni and Gwenneth did a brilliant job there. I could not warm to any of the characters, but this version is more heart warming and more the type of person I imagined Emma to be. It is definitely the version I will come back to from now on. I was disappointed that Mr Knightley was not better looking, but he is convincing. I also like Jane Fairfax better (played by Olivia Williams). I never warmed to her in the movie version, but she is better portrayed in this version. Come to think of it, (besides Mr Knightley) all characters are better played, and a lot less over the top. Unfortunately both came out around same time and the Paltrow version got more publicity. Pity...... I also love the new scene at the end. Well done to Kate Beckingsale! Therefore, if you are a Jane Austen fan, don't forget to watch this one.",1,1
"There is something special about the Austrian movies not only by Seidl, but by Spielmann and other directors as well. This is the piercing sense of reality that never leaves the viewer throughout the movie. Hundstage is no exception. This effect is achieved not only by the depicted stories but also by actors playing. In Hundstage I have never had the feeling that these are actors playing, but real people instead. So real is the visceral feeling of the viewer...Almost as if the grumpy pensioner or lonely lady in the movie are living below you in your block.<br /><br />Any person living in Vienna can without any doubt painfully recognize the people in the movie with their meckern/sudern (complaining), their hidden sexual urges and the prolo macho guys. This is further reinforced by the Viennese dialect which is, according to many, especially made for complaining as a way of life. A special parochialism and arrogance typical for Vienna are also very well portrayed.<br /><br />The Viennese suburbs have a vivid presence in the movie with their stupor and drowsiness where nothing happens. Moreover, they have been turned into a celebration of materialism with shopping malls and huge department stores. Inbetween are the houses of the people where they indulge into what they reckon is pleasure-giving activities, trying to stay in touch with their human selves, yet in vain. The examples are the sexual game of the old lady with the men which bordered on rape, the prolo guy losing his nerves and hitting his girlfriend and the young woman who hitchhikes and irritates her drivers.<br /><br />The film has no soundtrack as it concentrates on the normality/abnormality of its images only. Another typical feature of Seidl (and other Austrian directors) is his showing of disturbingly sexual images. These include the stripping of the old woman for her husband, the sexual scenes in the bath, the sexual game of the lady with the two men in her apartment, etc.<br /><br />In Hundstage Seild has portrayed the lives of people who eventually may be as much Viennese as they could be citizens of Paris, New York or Madrid. The viewers should not despise or feel pity for the Viennese in the movie as they themselves could become victims of the same human estrangement and alienation, albeit in different circumstances. In the end, I believe Seidl's film is a warning to us about the terrible state of human relationships so brutally revealed in Hundstage. And if the viewer does not succumb to the reasons for this evil transformation, Seidl has achieved his goal.",1,1
"Writer/Director Bart Sibrel bases his work here around a can of film that he says was mistakenly sent to him by NASA. He says it shows the astronauts faking the television footage of their trip to the moon by employing camera tricks. The astronauts were in low Earth orbit all the time, and editors on the ground composed this raw footage into just a few seconds of finished film.<br /><br />Unfortunately Sibrel's research is so slipshod that he doesn't realize his ""backstage"" footage is really taken in large part from the 30-minute live telecast (also on that reel) that was seen by millions, not hidden away in NASA vaults as he implies. And we have to wonder why Sibrel puts his own conspiratorial narration over the astronauts' audio in the footage, because hearing the astronauts in their own words clearly spells out that the astronauts were just testing the camera, not faking footage.<br /><br />Finally, anyone can see the raw footage for themselves without having to buy Sibrel's hacked-up version of it. (He shows you more of the Zapruder film of JFK's assassination than of his ""smoking gun"".) Sibrel thinks he's the only one who's seen it. What's more revealing is the clips from that raw footage that Sibrel chose NOT to use, such as those clearly showing the appropriately distant Earth being eclipsed by the window frames and so forth, destroying his claim that mattes and transparencies were placed in the spacecraft windows to create the illusion of a faraway Earth.<br /><br />As with most films of this type, Sibrel relies on innuendo, inexpert assumption, misleading commentary, and selective quotation to manipulate the viewer into accepting a conclusion for which there is not a shred of actual evidence.",0,0
"This is one of the most hilariously bad movies I have ever had the privilege to see.<br /><br />I watched this on DVD with a bunch of friends one Friday night and we just couldn't stop laughing from start to finish.<br /><br />The story is simple enough: terrorists hijack a convoy they think is carrying weapons grade uranium, but it's actually carrying a bunch of man-eating dinosaurs. Easy mistake to make. Cue a startlingly incompetent team of Army Special Forces to tackle the prehistoric beasts. They are led by Colonel Rance, played by Scott Valentine; a man who seems to have perfected 'Smell the fart' acting, as advocated by Joey in Friends.<br /><br />There's plenty of gore and an awful lot of shooting, but unfortunately Rance's team seem to have a problem aiming their weapons in the general direction of a horde of giant, lumbering monsters. Also, the lights always seem to flicker and go out whenever a Velociraptor attacks (preumably so we can't see how bad the creature effects are).<br /><br />Having said all that, we all had a great deal of fun betting on who was going to get their head bitten off next.<br /><br />As a Jusassic Park / Aliens style action adventure this movie stinks worse than a dinosaur's crotch, but as ludicrous, tongue-in-cheek entertainment it's a roaring success.",0,0
"In 1954 Marlon Brando was THE hot actor after his performances in Streetcar Named Desire and On The Waterfront. Frank Sinatra had yet to re-invent himself on the silver screen. But Sinatra's portrayal as the erstwhile Nathan Detroit, helped re-establish Sinatra with his fans.<br /><br />It is a great screen version of a great play and the choices of leads and support players are terrific. Imagine a movie where Brando sings? This was his one and only singing role as he portrayed Sky Masterson. In addition the female leads, Jean Simmons and Vivian Blaine(replaying her stage role as Nathan's long suffering girlfriend Adelade), put in superlative efforts. Special mention goes to the great Stubby Kaye(as Nicely Nicely), and with all due respect to Eric Clapton, no one's version of Rockin' The Boat even comes close to Stubby's. Sheldon Leonard, who would go on to fame as TV producer of such shows as The Danny Thomas Show and The Dick Van Dyke Show does ""Harry The Horse"" wonders, B.S.Pulley is excellent as the harsh mannered and rough talking ""Big Julie"", and even Regis Toomey offers his excellence as ""Brother Arvide"".<br /><br />It is one of the fun musicals to see, good comedy, and you get Sinatra and Brando. Soooooo ""Luck Be A Lady Tonight"" and brother...""it's your dice""",1,1
"In my eyes this is almost the perfect example of Hollywood ego, only beaten by the new king kong movie. Superman is the original super hero and deserves to be treated with respect even though he wears tights. Brandon Routh was the worst superman I've ever seen, from the start of the movie u just wanna shove a chunk of kryptonite down his throat. He looks just silly wearing the costume. But enough about him, Kate Bosworth was a bad choise for lois lane, she is supposed to be a hard ass reporter, but in this movie she looks more like a schoolgirl. The plot was weak and predictable (WOW, He is actually supermans son, who would have ever thought....) and the acting was horrible. This movie has one good thing going for it, and it's name is Kevin Spacey. His portrayal of Lex Luthor was brilliant but even he could not save this movie. What this movie needed was the cast of ""lois and clark"" (except Kevin Spacey of course) and a different story. I watched this movie after watching ""the hills have eyes"" and I was chocked to learn that there existed worse movies then that.",0,0
"Regarded by many critics as one of the biggest stinkers of all time (certainly the biggest stinker of director Brian De Palma's career).<br /><br />Sherman McCoy (Tom Hanks) is a smug rich boy whose life goes to pieces when he and his lover Maria Ruskin (Melanie Griffith) are involved in a hit-and-run. His story is chronicled by another smug guy, reporter Peter Fallow (Bruce Willis).<br /><br />Well, as I said in my summary...<br /><br />What is this movie supposed to be? It seems to combine comedy, drama, and satire, but it sure doesn't add up to much. It's undermined by unimaginably loathsome, one-dimensional characters who you'd never want to have the displeasure of meeting in real life.<br /><br />I'm no big fan of the novel (I started reading it once, but couldn't finish it because it wasn't to my liking) but it's obvious to me that those who did / do enjoy the novel consider this film to be a complete travesty.<br /><br />I've never seen so many talented actors strive to hard to give a below-average movie some semblance of quality and fail. What a waste.<br /><br />The problems start with casting nice guy Tom Hanks in a role that is clearly supposed to be UNsympathetic. And the role of Peter Fallow in the novel was that of a Brit. Bruce Willis is badly, BADLY miscast in the role. What was the thinking there.<br /><br />Alas, not even Morgan Freeman can escape the film with his dignity intact, being obliged to deliver a lame, heavy-handed lecture on 'decency' after the climax.<br /><br />This movie ends up turning into an absurd farce.<br /><br />I liked the assemblage of talent; for that I will give it four out of ten, but I'm sure some people will say a MUCH better movie could have been made from the source material.",0,1
"No real plot to this one, just a series of short skits acting out some VERY old jokes. I chuckled once or twice in the beginning, much to my chagrin. But even at only 73 minutes this film wears out it's welcome before too long and becomes stale and tedious (with some nudity sprinkled in here and there to keep you awake). Still as bad as this movie is (and that's pretty putrid), it's a comedic gem compared to pretty much ANYthing by Aaron Seltzer & Jason Friedberg (Date movie, Epic movie, Meet the Spartans) Also the song is sadly kind of catchy in a sad way.<br /><br />Eye Candy: 11 pair of tits, 3 bushes, 3 asses <br /><br />My Grade: D <br /><br />Code Red DVD Extras: Original trailer for this film; and trailers for ""Beyond the Door"", ""Dead Pit"", ""the Farmer"", ""obsessed Ones"", ""Power Play"", ""Sole Survivor"", & ""Wacky Taxi""",0,0
"i was disappointed. the film was a bit predictable and did not live up to the hype plastered all over the box. Having said that, the characters were well developed, the windego myth was used in a unique premise and the house was pretty spooky but it just missed for me. I kept waiting for that big AHHHHH or BOO! But it never came.<br /><br />Furthermore the movie was plagued with poor filming of poor special effects. Thus showing to much of a bad thing and not using atmosphere and viewer imagination to create the horror and suspense. Try movies like Session 9 or the Cube if your looking for a low-budget but well conceived horror movie.",0,0
"Nina Foch delivers a surprisingly strong performance as the title character in this fun little Gothic nail-biter. She accepts a position as secretary to a London society dowager (played imperiously by Dame May Witty) and her creepy son (the effete and bothersome George Macready). Before she knows it, she awakens to find herself in a seaside manor she's never seen before, where Witty and Macready are calling her Marian and trying to convince the servants and the nearby townspeople that she's Macready's mad wife. Of course this pair can only be planning dastardly deeds, and even though we know Julia has to eventually escape her trap, director Joseph Lewis builds real suspense in answering the question of just how she'll manage it.<br /><br />""My Name Is Julia Ross"" has nothing stylistically to set it apart from any number of films that came out at the same time period, but I was surprised by how well it held together despite its shoe-string budget and B-movie pedigree. There are quite a few moments that just may have you on the edge of your seat, and I found myself really rooting for Julia as she caught on to the scheme underfoot and began to outsmart her captors. In any other Gothic thriller, the heroine would have swooned, screamed and dithered, waiting for her hero to come and save her. So I can't tell you how refreshing it was to have the heroine in this film use her brain and figure out how to save herself.<br /><br />Well done.<br /><br />Grade: B+",1,1
"A somewhat awkward spy mystery with a predictable plot about World War Two dangers. The mystery is whether or not Jane Graystone (Nancy Coleman) has amnesia. The best acting is done by Raymond Massey as Dr. Ingersoll, a good doctor turned evil. He is head of a spy ring attempting to get information from amnesiac Jane, coded information related to allied activities. Will she tell? Can she remember? Moroni Olson (as Mr. Goodwin) is convincing as an accomplice to Massey. The role played by John Garfield (as Dr. Lewis) is nothing short of disastrous. He seems so badly miscast that the casting has to be ranked as one of the worst in film history. It is unfortunate that so talented an actor is stuffed into a role which not befitting his talents. The movie is worth one look, despite being a half spy and half gangster film, and despite containing a parade of stereotyped characters. It's easy to forget this one, amnesia is not necessary.",0,0
"Ouch, what a painfully BORING Sci-Fi movie! And that's especially saddening because the opening 15 minutes were so action-packed and full of potential! During the intro, we follow a bunch of nervous security officers and hired hit men as they chase a doctor who escaped from a mysterious laboratory with a briefcase full of top-secret files. As he's about to reveal the supposedly horrible & inhuman events that take place in the lab, he's executed. Figures From then on, the 'action' swifts back and forth between two locations, the aforementioned laboratory and the rural mansion of a corrupt senator (or something), and it quickly becomes clear that the experiments are actually the complete opposite of disturbing. More like dull, pointless and vague. Scientists selected four random persons without living relatives and it's really really really really important that they speak the truth even though a giant machine reads the content of their minds, anyway. They all hide dark secrets from their pasts and people suffer when get revealed; yet I fail to see how these tests could ever result in a humanity-threatening device. Perhaps I missed something, but I doubt it. The interactions between the patients and doctors are even less interesting to follow, as really none of them have personalities. So basically, ""The Brain Machine"" just handles about a bunch of lame people living in an awfully decorated room. The film also could have been half an hour shorter if it weren't for a THOUSAND stagnant shots of buildings! The relocations from the lab to the villa and vice versa are indicated EVERY SINGLE TIME by a five-second shot of the places. Either the makers really needed the padding or they just assumed that all Sci-Fi viewers are morons unable to notice a change of location by themselves. Staring at a forsaken pool with a mansion in the background for the tenth time in only five minutes becomes quite annoying, I assure you. James Best's performance as the reverend with mental issues is rather decent, but one man definitely can't save this thing from being an absolute waste of time. Avoid!",0,0
"In addition to being an extremely fun movie, may I add that the costumes and scenery were wonderful. This kind, fun loving woman had a great deal of money. Unfortunately, she also had two greedy daughters who were anxious to get their hands on her money. This woman was lonely since the death of her husband. He had proposed to her in a theater that was going to be torn down. To prevent that, she bought it. Her daughters were afraid she was throwing away ""their"" money and decided to take action. The character actors in this film were a great plus also. I would give almost anything to have a copy of this film in my video library, but as of yet, it's never been released. Sad.",1,1
"Spoilers? Maybe a few details, but nothing too plot related. Not like it would matter with this movie. <br /><br />Air Rage blatantly rips off the mid-air infiltration premise of Executive Decision. Ice-T leads a team of four ""elite"" commandos who wear baggy black shirts that we can only imagine must conceal invisible body armor as their idiotic tactics (similar to what 3rd graders use when playing Star Wars on the playground) lead them to absorb a hail of gunfire. <br /><br />What entertained me the most about this flick was the use of look-alike has-been actors. You'll immediately recognize Cyril O'Reily as someone who once acted in a movie that you really liked, though it was so long ago that you probably won't be able to place it (it was Porky's). Here Cyril plays a decent knock-off of a Bill Paxton character. Most Hilarious is porker Gil Gerard, who's so fat that you will never recognize him as TV's Buck Rogers. Instead of evoking his mildly heroic character past, Gerard gives us a passable performance of the crusty fat tough guy persona, which was clearly imagineered for John Goodman. Finally, Alex Cord gives us a nice hybrid look-alike performance as a Chuck Connors/Kirk Douglas type. In the 10 years since New Jack City, Ice-T's acting has deteriorated remarkably. It's not acting so much as regurgitation of lines that he might have actually memorized. <br /><br />One of the items that plays into this movie is a CD-ROM of classified information. It's being hand carried, and it's apparently and unbelievably not encrypted, despite the security-savvy aura of Gerard's NSA character. What a joke. I'm severely doubting that the information purported to be on the CD would ever even all be assembled into a portable format. <br /><br />Despite being in a closed aircraft without silencers, the gunfire is about as loud as canned air, and causes nary a person to flinch, so apparently no foley budget. The assortment of weapons chosen is pretty funny. The flight attendant's use of a coffee pot is about the most realistic depiction of violence in the film. When she takes intuitively to the mini-Uzi pistol, which has got to be one of the worst pistol designs ever, that's just too stupid. A true elite team would carry MP-5s for this type thing or maybe SOCOMM .45s, or even customized Hi- Powers if they were really old school, or maybe something FN 5.7 if new school... The lame-o standard issue 92Fs are totally unbelievable, having lost most of their cool after Lethal Weapon I. The bad guys, supposedly experienced soldier of fortune types, have an assorted mixture of absurdity, like the aforementioned mini-Uzi pistol and a Tec-9 with the infamous non-functional barrel extender that isn't a silencer. <br /><br />There was one touch of realism on which I would like to correct the other reviewers: The flight attendant and Ice-T did lower the craft to 10,000 feet for ""breathable air"" before they opened the door. And I also got the impression that the flight attendant was NOT able to get the door closed, that she basically just gave up on that point. As far as the landing, there was no mention of flaps until about 2 seconds before touchdown. Sigh. <br /><br />Only the Dukes of Hazard eluding Roscoe P. Coltrane at the ""pass"" could shame this movie for use of stock footage. They obviously chose the incredible (and retired) SR-71 because they couldn't get stock of an F-117. Aside from the fact that they were mothballed already in 2001, let's also forget for a moment that the SR-71 is not a pure stealth aircraft in the sense of the B-2, and that at point blank range... Well, I'm no expert, but I'm having doubts as to whether it would be invisible on Radar. <br /><br />As others have pointed out, the repeated references to ""F-15s"" when they were showing F -16s was laughable. Details of the 747 were pretty stupid. No airline would put that few passengers on a 747 to begin with, not to mention everything else that was idiotic about it. Pay attention to the use of exposed electrical wiring. <br /><br />Wow. What a show. Catch it on Stars or something. Don't pay to rent it, but do watch it for laughs. In contention for worst movie ever, right up there with No Holds Barred, which at least had some originality.",0,0
"This movie got extremely silly when things started to happen. I couldn't care less about any of the characters; Susan Walters was so annoying, and the leading actor (forget his name) also got on my nerves. Can't quite remember how it ended and so forth but the whole idea of aliens possessing human bodies and all just seemed stupid in this film, things didn't quite carry off. My dad told me it's s stupid movie...I should've listened to him.",0,0
"I went in not knowing anything about this movie and I walked out in an half hour knowing everything about it. It was one of worst movies I've ever seen. I'm a generally a nice person but if somebody told me they liked this movie, I would probably never talk to them again. Anybody who likes it throughly is most likely to have an extremely dry, hermit type personality. I'm gonna also include that they think they are pretty intelligent too, just like the self-centered fart bags who do the voices for the movie. I know everyone has different types of humor, some people may not even like mine, but that's okay; I don't think this covers any range of humor though. This movie is as flat and dull as Wes Anderson's mind. Go in and get ready to walk out; it's best to get your money back too.",0,0
"Vivacious & irrepressible, ANNE OF GREEN GABLES brings unlooked-for happiness into the lives of a lonely old sister & brother on Prince Edward Island.<br /><br />Lucy Maud Montgomery's well-loved novel comes to life in this wonderful little movie. Excellent production values, a literate script and first class performances gives the story exactly the touch of quality it deserves.<br /><br />Taking her professional name from the character she portrayed, actress Anne Shirley is a joy as the red-headed fourteen-year-old orphan who completely alters the lives of her new guardians. Completely assured in her starring role, Miss Shirley is a delight, entertaining the viewer with Anne's boundless imagination, quick temper and not-so-secret sorrows.<br /><br />Playing the stern spinster who gives the girl a home, Helen Westley also completely commands her role; the viewer will enjoy seeing this sharp-tongued woman slowly unbend to Anne's affection and child-like innocence. Australian character actor O. P. Heggie gives one of his finest performances as Westley's shy, gentle brother who welcomes Anne into his heart from the moment he arrives to fetch her from the railroad station.<br /><br />Tom Brown most agreeably plays the schoolboy who quickly grabs Anne's attention. Sara Haden is appropriately prickly as a nosy neighbor. Charley Grapewin makes the most of his few moments as Avonlea's doctor.",1,1
"Let me start off by saying that this doesn't seem or feel like a movie. It seems like just another TV show about popular girls and boys with no real film language top back it up.<br /><br />The camera angles are so straight forward that the story is told the simplest way possible never making the public connect with it. This film takes us to where no movie I've seen has done before: to a realm where the Film Theater becomes a warm medium giving the public every element of interpretation. Too obvious. The large movie screen is only used as an enlarged TV from where we can see every attribute of these women in a larger than life manner.<br /><br />Lately it seems that young directors are compromising the Art of film making for sales. This is very scary. The industry is spoiling the art in movies. We must educate ourselves and our children about what cinematography and its language are really about. Not just sales and entertainment, but a way to communicate feelings, passions and even culture. Not as a launching platform for young divas and jocks.",0,0
"This has to be one of the worst films I have ever seen without a doubt. The only thing interesting in this film is the cameo appearances from some great genre directors and King himself. The film has a great premise, but falls apart about 15 minutes into the story. I did like Madchen Amick in this film and think she could have a very good career in film.",0,0
"So I'm at home, flipping channels one night, and I come across this man wearing heels and makeup, standing in front of a colored background on HBO. Naturally, I did a double-take and decided I'd watch for a little while. I didn't change the channel until he was finished, it was so incredibly hilarious. The next time it was on, I made sure to tape it so I could watch it over and over again, and it has remained one of my favorite things to watch. During the first couple of minutes, you can tell that the audience isn't quite sure what to think, but he quickly wins them over with his incredible humor and wit. While many stand-up comedians mesh together in my brain, Eddie Izzard stands out as one of the best. His style is incredibly refreshing, and it is nice to hear jokes about things like history and puberty when most comedians stick to current events. His show stayed with me afterwards. I went to Italy over the summer, and all I could think about while I was there was how ""Italians are always on scooters going 'CIAO...'"" 10 out of 10. See it. You won't regret it.",1,1
"I saw this little magnum opus for the first time very recently, on one of those dollar DVD's that seem to be everywhere nowadays, and was so moved by it that I cannot contain myself. For those who have never seen this mesmerizingly miserable Mexican import, and wish to view it without being prejudiced by anyone else's jaundiced commentary, there are undoubtedly substantial spoilers in what follows. So if you are one of those reckless individuals, stop reading at once and go and watch it for yourself. If you get drunk enough in advance, you might be fortunate enough to pass out before it's over.<br /><br />Begin with the premise that a man may become a werewolf after being bitten by a yeti. No one in the film ventures an explanation as to how this sort of cross-species implantation could occur, and the rest of the movie is even more hopelessly nonsensical. But pour yourself another glass of wine (or whatever you're drinking), and let us proceed.<br /><br />Paul Naschy (our werewolf) has the look of a man fighting a toothache, in a town where the only dentist has traded his supply of Novocaine for a case of cheap whiskey, and has been drunk ever since. (Ain't he the lucky one?) Naschy's facial expression never varies, whether in or out of makeup, and apparently no one gave him any coaching on how to act like a werewolf. Occasionally he tries to imitate the Lon Chaney Jr. crouch, but most of the time he simply strolls around in his black mafia shirt, like just another cool dude with a tad too much facial hair. To be fair, the makeup is actually better than the actor inside of it, but the continuity is infinitely worse. Naschy's werewolf is the only one I can think of that changes shirts twice in the middle of a prowl. He goes from black shirt to red shirt, then back to black, then back to red, then back to black, all in a single, frenzied night. Interestingly enough, he always does the Chaney crouch while wearing the red shirt, and the cool dude walk while wearing the black shirt. And it's only while he is wearing the red shirt that we see much of the fury alluded to in the title. Presumably there's something about that red shirt that just brings out the animal in him.<br /><br />So anyway, after being bitten by the cross-pollinating yeti, the poor schmuck returns home from Tibet to learn that his wife has been sleeping with one of his students. The two illicit lovers try to murder him by adjusting the brakes on his car. He survives the wreck, and makes it home just in time for a full moon. Then, after chewing up his wife and her lover, he wanders off again, and somehow manages to get himself electrocuted. But is that enough? Can they let this tormented wretch rest in peace? Not a chance. He is resurrected by a supposed female scientist with a hardcore S/M fetish, otherwise known as ""The Doctor"" (and definitely not a new incarnation of Doctor Who). She digs him up and whisks him away to her kinky kastle, takes him down to the dungeon, chains him to the wall, and gives him a damn good flogging. Presumably such a string of indignities ought to be enough to put a little fury into any wolfman.<br /><br />After his two-shirted rampage, our wolfman spends most of the rest of the film wandering around the castle, trying to find a way out. (And who can blame him?) In the course of his wanderings, he encounters a bewilderingly incoherent assortment of clichés, including a man dressed in medieval armor, a curiously inept Phantom of the Opera impersonator (supposedly The Doctor's father), and a hard-partying cadre of bondage slaves.<br /><br />So what's it all about, one may reasonably ask? One gets the vague impression that it has something to do with mind control, and involves something The Doctor calls ""chemotrodes."" (Best guess. I really have no idea how it's spelled, if there even is such a thing.) Mercifully, the experiment ends in failure, and most importantly, it ends...before one has time to gnaw one's own leg off.<br /><br />Of course, one doesn't really expect any sense from a film like this, but at least it ought to be good for laughs. This one isn't. Forget it, buddy. There is a creeping sort of anarchy about this film, from its patched-together, tequila-drenched ambiance to its atrocious cinematography and agonizing musical score, that defies even the most sozzled attempts to get any MST3K type laughs out of it. If it's not even good for that, what the hell is it good for? If Montezuma's revenge could have somehow been digitally remastered and put on a DVD, it would have looked exactly like this movie.",0,0
"**1/2 for this Diane Keaton farce.<br /><br />Someone should tell Ms. Keaton, enough with your Annie Hall philosophy and hats.<br /><br />This flick is just too much as Keaton's daughter, Sara, dies in a traffic accident, while her boyfriend survives.<br /><br />Keaton, who could not be reached by phone at first, as she was in the sack with her pal and had pulled out the phone plug, grieves in a new way for grievers.<br /><br />She retreats to the summer locale where all of Sara's friends are staying. She cleans the house, sleeps for two days and then begins to reveal things which were better not to be revealed. It appears that sweet Sara slept with her girlfriend and the guy who ultimately married the latter. In addition, she had an abortion thanks to this guy. We're all now put on this guilt trip.<br /><br />Her only hope is to find the elusive diary that Sara kept. She also hopes that boyfriend,Adam, who is a playwright, will not include all this in another play.<br /><br />When the diary is found, it has been written in Japanese. Sara had a Ph.D in this language. It's not that great news for mom when an excerpt of the diary is translated by a Japanese cook in a Japanese restaurant.<br /><br />Naturally, everything seems to tie up nicely in the end. <br /><br />The title of this shmaltz comes from The Wizard of Oz. Every time mom and Sara would speak, they would both utter Surrender Dorothy.<br /><br />As if this isn't enough, during the course of this bizarre extravaganza of mourning, Keaton tells Adam not to be another Woody Allen in his film, Interiors, where he tried to successfully emulate Ingmar Bergman. Ms. Keaton also tries drugs with the group. Come on, folks, can we realistically believe that anyone in his right mind could mourn like this? <br /><br />Fair to mediocre best sums up this film.",0,0
"An American in Paris is a wonderful musical about an American painter living in Paris for inspiration. He meets a rich woman who admires his paintings on the street and she believes she can get his work to be even more popular to the public, e.g. in a museum. Golden Globe nominated Gene Kelly as the artist Jerry Mulligan is just perfect at both singing and especially dancing. He also meets the main girl Lise Bouvier (Leslie Caron) who is engaged to his best friend. He can't help his feelings for this girl, even after he finds out who she is engaged to. Filled with nice romance and wonderful song and dance, this is a very good musical film. It may drag slightly with his dancing dream sequence, i.e. The American in Paris ballet, but there is a good happy ending. It won the Oscars for Best Art Direction-Set Decoration, Best Cinematography, Best Costume Design, Best Music, Scoring of a Musical Picture, Best Writing, Story and Screenplay and Best Picture, and it was nominated for Best Director for Vincente Minnelli and Best Film Editing, it was nominated the BAFTA for Best Film from any Source, and it won the Golden Globe for Best Motion Picture - Musical/Comedy, and it was nominated for Best Director for Vincente Millenni (Liza's father). Gene Kelly was number 66 on The 100 Movie Stars, and he was number 15 on 100 Years, 100 Stars - Men, ""I Got Rhythm"" was number 32 on 100 Years, 100 Songs, the film was number 9 on 100 Years of Musicals, it was number 39 on 100 Years, 100 Passions, it was number 68 on 100 Years, 100 Movies, and it was number 58 on The 100 Greatest Musicals. Very good!",1,1
The film gets my stamp of approval. The scene in the museum demands acting without dialogue. This is one of the most interesting and unique scenes in the history of film. Dickinson's character Kate is very well developed and her performance is felt throughout the entire film. The best work Angie Dickinson did since Point Blank!,1,1
"First of all, when people hear 'GUY RITCHIE', they immediately think of SNATCH. Yes, Snatch was a good movie, but the problem is that everyone associates Guy Ritchie to Snatch. They don't expect him to explore new frontiers. This movie REVOLVER is different than snatch; it's much darker and is very complex. The reason I gave a rating of 10 is because I've had to watch Revolver 3 times to understand everything. So this movie toys with your head. It's very cleverly written.<br /><br />This movie is different than Snatch. It was done wonderfully, the cinematography is beautiful, and you can recognize Guy Ritchie's personal touch (style of directing) in it.<br /><br />What won me over was the complexity of the protagonist and how we are left with more questions than answers.",1,1
"Wow, here it finally is; the action ""movie"" without action. In a real low-budget setting (don't miss the hilarious flying saucers flying by a few times) of a future Seattle we find a no-brain hardbody seeking to avenge her childhood.<br /><br />There is nothing even remotely original or interesting about the plot and the actors' performance is only rivalled in stupidity by the attempts to steal from other movies, mainly ""Matrix"" without having the money to do it right. Yes, we do get to see some running on walls and slow motion shoot-outs (45 secs approx.) but these scenes are about as cool as the stupid hardbody's attempts at making jokes about male incompetence now and then.<br /><br />And, yes, we are also served a number of leads that lead absolutely nowhere, as if the script was thought-out by the previously unseen cast while shooting the scenes.<br /><br />Believe me, it is as bad as it possibly can get. In fact, it doesn't deserve to be taken seriously, but perhaps I can make some of you not rent it and save your money.",0,0
"This movie is mostly chase scenes and special effects. It is very weak on plot. Most of the computer talk was just mumbo-jumbo. I watched this because I was a big fan of the original War Games movie which was based mostly on computer fact and real computer terminology. This movie had none of that. Most of the computer scenes were not only impossible and highly unrealistic of real computers and networks, but just lame. It is like it was written by somebody who has no comprehension of real computers.<br /><br />The ripley game was lame and was essentially just an arcade game. No real hacking, so what was the point? Movie was boring. Lame sequel.",0,0
"When Sam Peckinpah's superlative THE WILD BUNCH (1969) opened the door to outrageous displays of graphic cinematic ultra-violence, it did so with a talented (if whisky-marinated) hand guiding the camera and had a compelling story with characters who had actual depth, but in no time flat there were scores of imitators that fell far from the benchmark set by Peckinpah's epic, and SOLDIER BLUE definitely falls into that category.<br /><br />SOLDIER BLEW, er, BLUE tells the story of foul-mouthed New Yorker Cresta Lee (Candice Bergen) a blonde proto-hippie chick who's been ""rescued"" from two years of ""captivity"" among the Cheyenne and is now being sent to a fort where she'll be reunited with the fiancée she only wants to marry for his money. Also on board the wagon she's traveling in is a shipment of government gold, cash the Cheyenne need to buy guns with, so in short order the soldiers are wiped out and Cresta flees to the hills, accompanied by Honus Gant (Peter Strauss), the lone surviving cavalryman. Calling Gant by the snarky nickname ""Soldier Blue,"" Cresta demonstrates that her years among the ""savages"" was time well spent, outstripping Gant in survival skills, common sense, and sheer balls, and over their journey toward the fort they must persevere against the elements, a band of hostile Kiowa, an unscrupulous trader  played by Donald Pleasance, here giving one of his most ridiculous performances, and that's saying something  and, in the tradition of many previous western-set romantic comedies, each other.<br /><br />During the course of their misadventures the two opposites are inevitably  and predictably  attracted to each other and eventually end up getting it on  while Gant has a freshly- treated bullet wound that went clean through his leg, no less  in what was surely the only conveniently located cave for at least a twelve mile radius that wasn't filled with rattlesnakes, mountain lions, or who knows what, to say nothing of the Cheyenne, who could have done something really spiffy with such a primo apartment (there I go, thinking in NYC real estate terms again). <br /><br />Realizing that their love could never flourish outside of the cave, Cresta leaves Gant and makes it to the fort by herself only to discover that the moron in charge won't spare a couple of men so they can rescue Gant; the regiment needs all available personnel to launch an attack on the nearby Cheyenne village, and once Cresta gets wind of that she slips past her obnoxiously horny hubby-to-be and makes a beeline straight to the Cheyenne to warn them of what's coming. <br /><br />What happens next is what gained the film its infamy; it turns out that all the wacky misadventures and squabbling were all just a lead-in to a hideous reenactment of the 1864 Sand Creek Massacre, an orgy of rape, torture and general sadistic evil perpetrated in the name of ""keeping the country clean,"" and almost forty years after its release this sequence still disturbs and nauseates for its sheer cruelty. Children are trampled beneath the hooves of charging horses or impaled on bayonets, unarmed people are beheaded  a nice effect, I have to admit  women are stripped and pawed by gangs of slavering brutes, then raped and mutilated  in one truly sickening instance a naked native woman puts up too much of a fight, so her rapist instead decides to cut off her breasts, which we thankfully only see the start of before the camera moves on to chronicle some other hideous act  and scores of innocent people are shot and dismembered, their compone nt parts impaled on pikes and waved about in victorious celebration or kept as the most ghoulish of souvenirs. No joke, this scene would instantly garner an NC-17 rating if released today, to say nothing of possibly spurring Native American interest groups to riot in the streets over the incredibly exploitative manner in which the atrocities are depicted.<br /><br />I'm all in favor of westerns that don't shy away from honest portrayals of how the west was won, or stolen if truth be told, but this film has no idea of what kind of movie it wants to be; one minute it's a heavy-handed pseudo-hippy lecture about how the treatment of the natives was totally effed up (well, DUH!), then it's a light-hearted battle of the sexes farce wherein Cresta proves herself five times the man Gant is and manages to look hot in her tasty red calico poncho (with no undies), but that all goes out the window when Donald Pleasance shows up with an unintentionally (?) hilarious pair of buck-toothed dentures and our heroes must figure out how to escape from his murderous clutches in a sub-plot that goes nowhere, all of which culminates in the aforementioned apocalyptic climax. Any one of those tacks would have been okay for a coherent film, but the end result is a slapdash mess that milked the horrors of its final ten minutes for all they were worth in the film's promotion and poster imagery. <br /><br />But by trying to be all things to all audiences, SOLDIER BLUE ends up as an incoherent, preachy Mulligan stew of presumably well-intentioned political correctness, but if they were going to tell the story of the Sand Creek Massacre, wouldn't it have been a good idea to have some Indian characters who were more than just walk-ons with Murphy Brown acting as their mouthpiece? We get to know absolutely nothing of the people who get wiped out solely for what appears to be a crass ploy to lure gorehound moviegoers into seeing ""the most savage film in history."" If you, like me, were intrigued by the provocative ads and reviews that shower almost endless praise upon it for its ""daring to tell it like it was,"" take my word for it and let SOLDIER BLUE slowly fade into cinematic obscurity.",0,1
"""Moonstruck"" is a lovely little film directed by superb story teller, Norman Jewison (In the Heat of the Night, Fiddler on the Roof, The Hurricane). The film is great on many levels. It shows a good slice of Italian culture, has a touching romance, and (best of all) is a hilarious comedy.<br /><br />One thing I liked most about the film was the relative unconventional looks of the actors. Nicolas Cage looks positively odd for most of the film, and Cher... well, Cher always looks a little odd.<br /><br />Overall, it's a fun film, and easy to recommend.<br /><br />7.4 out of 10",1,1
"There are very few performers today who can keep me captivated throughout an entire film just by their presence. One of those few is Judy Davis, who has built a successful career out of creating characters that are headstrong in attitude but very vulnerable at heart. She takes roles that most other performers would treat melodramatically and adds a fiery, deeply emotional intensity that pulls attention away from everything else on the screen.<br /><br />Her skills are well displayed in ""High Tide,"" a film that matches her up a second time with director Gillian Armstrong, who gave Davis her first major success with ""My Brilliant Career."" In that film, Davis played a young woman who was determined to make it in the world, despite the suffocation she felt from her community and upbringing. In ""High Tide,"" however, Davis' character, Lillie, is roughly the opposite: she gave up on any hope for her future when she was young, and, after giving birth to a child, runs from her responsibilities and takes up a life without direction or meaning. When she finally meets up with her daughter years later, the thought of taking care of her child is petrifying; she knows this is her chance to atone for her failures, but how can she be honest with her daughter and still gain her respect?<br /><br />Gillian Armstrong's films usually relate stories about characters who desperately want to communicate with each other, but face obstacles set up by their own personal habits and addictions. ""Oscar and Lucinda,"" for instance, was about a man and a woman who desperately needed each other's love but were always blindsided by their craving for chance, represented by their gambling addictions. Here, we are immersed in the world of a family torn apart by the mother's inability to commit to a settled life and her struggles to redeem herself despite being fully convinced that it's too late to change for the better. This is not simply a film with a great performance at its center, but also a rare achievement: a fully convincing story of redemption.",1,1
"Unless the title is supposed to be some kind of spoiler for the wife's transformation (the fiends! ruining it for us). Anycase, if this movie wasn't Made-For-TV, it should have been, it's so remarkably low-budget, underscripted, underacted, and hits every 70's cliche except disco. Nobody is likeable, and you could careless what happens to anyone in this one. Eminently forgetable except for the bad, bad performances.",0,0
"Below average movie with poor music considering a movie based on music??? Ordinary Script & Direction with full of blunders. Salman Khan was at his usual acting. Ajay's performance deteriorating with time as his looks,especially his styles as a Rock Star were pathetic. Asin was just a showpiece only. Overall I felt like wasting my money in cinema. Salman Khan remains as immature as 10 years ago compared to Aamir Khan. There were many songs in the movie all boring except ""Man Ko Ati"". The Most Important Song to impress the UK Music Sponsor was most unimpressive. ""Khanabadosh"" can be very easily understood by an English Music Sponsor. The other movie I saw last week was ""Wake Up Sid"" which was simple slow love story with good direction & acting despite average music",0,0
"But this movie was a bore. The history part was fine but the musical part was not. Not one song I cared about and no soundtrack to be heard.<br /><br />If Sweet Jesus"" was suppose to be comic relief it never work. If John Adams was suppose to be the obnoxious annoying one, the rest of them were trying to overthrow him in every scene.<br /><br />Hancock and Jefferson were the only bearable characters in the whole movie.<br /><br />The historical quotes and the debate about slavery in their historical context were interesting enough but not enough to overcome the lack of music in a musical.<br /><br />Shouldn't you be humming the songs after a musical, except for a few chirps, nothing else was worth the breath.",0,0
"First things first! This isn't an action movie although there is a lot of action in it! I think you can compare it to American sports movies! Where a team of very bad players succeed in the unthinkable,winning a game or tournament beyond expectation! In this case it isn't about football or baseball,but Taekwondo! In the beginning these street thugs seem to be good for nothing! But soon we will find out that they don't want to be thugs and actually achieve something in life! It is nice to see them struggle and training! I was surprised how funny this movie was! From start till the end you will laugh your pants off! The young korean actors are very convincing! Go see this wonderful feel good movie!",1,1
"This was a wonderfully clever and entertaining movie that I shall never tire of watching many, many times. The casting was magnificent in matching up the young with the older characters. There are those of us out here who really do appreciate good actors and an intelligent story format. As for Judi Dench, she is beautiful and a gift to any kind of production in which she stars. I always make a point to see Judi Dench in all her performances. She is a superb actress and a pleasure to watch as each transformation of her character comes to life. I can only be grateful when I see such an outstanding picture for most of the motion pictures made more recently lack good characters, good scripts and good acting. The movie public needs heroes, not deviant manikins, who lack ingenuity and talent. How wonderful to see old favorites like Leslie Caron, Olympia Dukakis and Cleo Laine. I would like to see this movie win the awards it deserves. Thank you again for a tremendous night of entertainment. I congratulate the writer, director, producer, and all those who did such a fine job.",1,1
"REnted this one accidentally, it was behind the movie box of what i thought i was renting, didn't find out until i got home, watched it anyways. Absolutely FANTASTIC! a wonderful movie, and one of my top three favorite of all time, i recommend it to Everyone!<br /><br />The story is enjoyable and easy to follow, this could have been easily messed up, but the actors and director do a great job of keeping it together.<br /><br />The actors themselves are fantastic, displaying wonderful character and doing a terrific job. <br /><br />Gotta find a copy somewhere...........",1,1
"This is a film I saw when it first came out, and which I have seen a few more times over the years. It's always enjoyable.<br /><br />One thing is that the comedy does not take sides: it skewers labor and capitalists equally. Only Sid seems outside the classic struggle, even though he's responsible for it. <br /><br />Spoiler warning: do not read further if you haven't seen the film <br /><br />This is a fantasy, though presented fairly plausibly. Ask yourself: could someone support most of his or her weight in a single strand of fabric? It would cut through almost any support.<br /><br />Also, when cornered in an alley, Sid uses a garbage can cover like a knight's shield. Cute symbolism.<br /><br />Someday, I'll get this on DVD.",1,1
"Kabei: Our Mother (2008) is a poetic and sublime beauty from Japan. A real weeper! I had heard great reviews for the film and rented it from Netflix. Am I glad I did! In many ways this film reminded me of the old style of Japanese classic film-making from the 1940's and 1950's that I've come to love so much, such as seen in Yasujiro Ozu pictures -- the title credits even begin in the same way, with the Japanese letters (characters) in red against neutral color burlap material. I immediately thought: this director loves Ozu. The same style was used too: mostly indoor sets with only a few outdoor scenes. Even a couple of ""pillow shots"", as Roger Ebert calls them. The strength of the film is built on the love of the characters for one another.<br /><br />The story follows the lives of a Japanese family before, and during, and after, World War Two. The mother takes care of her growing girls the best she can after the father (a University professor) is arrested for anti-war sympathies. He's never freed and only has a few brief meetings with his wife in prison before he dies of starvation and disease. Meanwhile a former student of the professor comes by often to help take care of the mother and two girls. He begins to fall in love with the mother and is a substitute father for the two girls. But war starts and he's drafted and they have to say an abrupt farewell. Will they ever express their love for one another? Will he ever return from the war? <br /><br />There is so much heart and gentle spirit in the performance of the lead actress, Sayuri Yoshinaga. She's almost a Madonna type, she's so beautiful! Big soulful eyes and flawless skin. The actor who plays the student is phenomenal as well: his name is Tadanobu Asano. What a sensitive performance. There is no macho in him at all; he's gentle and kind. I'd certainly love to see both of these two in other movies. I think I'll check to see what's available for them. The two little child actresses are wonderful too.<br /><br />The film is just released on NTSC DVD for American audiences, with very easy to read English subtitles. I gave it a 10 out of 10 on the IMDb. I cried almost as much as with the Japanese film classic Twenty-Four Eyes (1954). Don't miss this film!",1,1
"Some wonder why there weren't anymore Mrs. Murphy movies after this one. Will it's because this movie totally blew snot. Disney was not the right studio to run this film. MAYBE Touchstone (well, they're owned by Disney, but it'd be more adult). The film is too kid-ish, as the book series is not. The casting is all wrong for the characters. The characters don't even act the way they do in the books. And why was Tucker changed to a guy? He's a girl in the frigging books! Was this done to make the film appeal to boys? Sheesh. And where was Pewter, the gray cat? One of the funniest characters from the book is absent from this filth. Rita Mae Brown is a good writer, but letting Disney blow her work was wrong. An animated feature film, perhaps in the vane of Don Bluth's artwork would suit a better Mrs. Murphy film. Overall, I give this a 2, because at least Disney made a film from an under-appreciated book series. But, I wish they did better. Either way, I still have my books to entertain me.",0,0
"They played this on the July 4th Twilight Zone marathon and this is, hands down, the worst Twilight Zone episode I've ever seen. It's completely out of sync with the rest of the series in its tone. Even though Twilight Zone is a pretty uneven series and many episodes end up being groaningly predictable, this one was completely out of place. Compare this to legendary episodes like ""A Stop at Willoughby"" or ""Midnight Sun"", and you realize there is no comparison.<br /><br />Buster Keaton did what he could with such terrible material, and frankly it surprises me that someone of his historic comedy stature would stoop to the level of this episode. Even though he seemed to be giving it some effort, he MUST have needed the money... there's no other explanation.",0,0
"A meltdown at a nuclear power plant causes a majority of people to turn into lethal, rot-faced, shambling zombies who naturally go on a grisly rampage. A ragtag handful of uninfected folks do their best to survive this grueling ordeal. Director/co-writer/producer Todd Sheets displays an appealingly sincere love and passion for go-straight-for-the-throat lively and gruesome horror fare: he maintains an unflagging snappy pace throughout, fills the screen with wall-to-wall crazy action, and thankfully keeps the terrible dialogue to a pleasing minimum. Moreover, Sheets certainly doesn't skimp on the gloriously graphic and excessive over-the-top splatter: this picture delivers a tasty truckload of flesh melting, evisceration, lots of gut munching, one dude has his heart yanked out, and there's even a nice impalement on a tree branch. Sheets earns bonus points for keeping the tone grim and nasty to the literal bitter end (for example, almost all of the main characters wind up becoming zombie chow). Granted, this flick has its fair share of flaws: the ragged editing, several ham-fisted attempts at pathos, and the largely awful acting from a rank no-name cast all leave a good deal to be desired. Top thespic honors go to the pretty and perky Kasey Rausch for her winningly spunky portrayal of the resourceful Daria Trumillio. Frank Dunlay likewise does well as rugged take-charge army veteran Ralph Walsh. Best of all, Sheets' sure grasp of an infectiously slambang sense of unrelenting headlong momentum and obvious affinity for the horror genre ensure that this remains a total blast to watch from start to finish.",1,1
"I refused to watch this when it originally aired, treasuring the memory of the late, lamented 1960s series with Mike Pratt and Kenneth Cope, but I can never resist a challenge. I should have known better. Not quite a remake, and more of a parody than a homage, this show didn't quite know how to play it, and plumped with infantile comedy and cartoon plots and characters. The three main characters were little more than caricatures of the actors, and only Emilia Fox could act (Bob Mortimer is painful in a straight role). The supporting cast were merely comedian-acquaintances of Vic and Bob's wanting to be part of the in-joke, and far too aware of the situation to be convincing. And the CGI, though the effects couldn't help be an improvement on those available 30 years earlier, merely dazzled the viewer with lights and camera work, and did little to mask the poor quality of the scripts and dialogue. All style and no substance. (And whereas the 1960s show is mocked for being very much of its time, this 'update' is now also very dated, with 'Matrix'-style fashions, obligatory 'girl power' scenes, and less than subtle tension between the two living leads.)",0,0
"A woman (Sylvia Kristel) seduces a 15 year old boy (Eric Brown). They have sex...but it's all tied into some stupid plot or something.<br /><br />Easily one of the most disturbing sex comedies ever. Does anyone realize this movie is making light of child molestation? I suppose it's OK cause it's a teenage boy--if we had one with a man seducing a teenage girl there would (rightfully) be outrage. Sorry, but having it done to a boy doesn't excuse it. It's still sick. I realize Brown was of age (he was actually 18 when this was made) but he LOOKS 15. I just find it disturbing that some people find this OK.<br /><br />Plot aside the acting sucks (Kristel is beautiful--but can't act; Brown is easily one of the worst child actors I've ever seen) and the constant nudity gets boring and isn't even remotely erotic.<br /><br />I saw this drivel at a theatre back in 1981. I was 19 and with my 14 year old cousin (who could easily pass for 18). HE wanted to see it--I didn't but I decideD what the heck? We got in and I actually bought tickets for three teenage boys who were obviously underage. My cousin thought is was boring and the three other kids left halfway through! Let me make this clear--three TEENAGE BOYS left a movie with tons of female nudity! That should give you an idea of how bad this is. I'm surprised this was ever released. A 1 all the way.",0,0
"I recommend watching this film with your significant other if you're planning a romantic evening with him/her. The chemistry between Johnny Weissmuller and Maureen O'Sullivan as Tarzan and Jane is so steamy it could fog up your screen.<br /><br />After the original film, we begin to see how Tarzan and Jane have adapted to the jungle and to each other. Jane's skimpy jungle wear and Tarzan's protest when Jane covers up for their visitors illuminates that they are not just romantically, but also quite sexually in love.<br /><br />One's imagination can supplement the constant touching and love talk between Tarzan & Jane to portray how much Jane is actually teaching Tarzan about love emotionally, romantically and sexually. And Jane's student is not only embracing but also thriving with his previously untapped sexuality.<br /><br />The skin show in this film is off the charts. In addition to Jane's two-piece sexy midriff, leg, and hip baring costume, she also has an underwater nude swim with Tarzan. (although it is not O'Sullivan, but Olympic swimmer Josephine McKim who doubles for her in this scene) Weissmuller, also reveals a tremendous body and perfect pectorals in his barely there loincloth. The ladies will delight when Weissmuller emerges from the water after his lengthy fight with the giant crocodile and sounds his yell - with his water soaked loincloth practically falling off his hips.<br /><br />It's a shame that the over-protective censors toned down the adult nature of the Tarzan films after this entry. Although the Weissmuller Tarzan films would still prosper in the years to come, they would rarely approach the sex appeal of this movie.",1,1
"A very high-standard Columbo story which was actually the first filmed episode of the long-running series but was originally transmitted second (after ""Murder By The Book"").<br /><br />Robert Culp makes his first of three appearances as the guest murderer in the series and plays the owner of a private detective agency, who blackmails the wife (Patricia Crowley) of a rich, highly influential businessman (played very sympathetically by Ray Milland) after he falsifies a report, in her favour, after it is discovered she was having an affair. The wife later rebels against the blackmail scheme but is killed in a fit of rage....<br /><br />A very satisfying episode in many respects, particularly as the plot is so strongly set-up and subsequently developed and also because of the rare Columbo ingredient that the crime is an unpremeditated killing. The whole thing is further enhanced when the widowed husband uses the murderer to assist Columbo in his investigations: a feature that facilitates numerous good quality scenes, particularly in the first sequence when the three central characters meet and Columbo's crucially deceptive qualities are wonderfully in evidence.<br /><br />Directed with flair by Bernard L. Kowalski and acted to an appropriately high level, this really set the tone for whole series (since ""Murder By the Book"" was let down by a poor ending). The script by Columbo creators Richard Levinson and William Link is precise, well-structured and well-thought-out and is underpinned by a steady, productive pace and meaningful sequences which really exhibit the unpredictability of the story. Ultimately, the finale fittingly epitomises that Columbo has always been one step ahead of the murderer.<br /><br />Overall, this is a very fine piece of detective work for Columbo, and strongly suggests that the production team had worked positively and constructively to render a polished Columbo story.",1,1
"I think ""Anyway..."" is a kick-ass movie. Really. Tom Barman spent like years making it, and it shows: every scene is polished, has a meaning,... I guess most agree on that. One thing many people tend to criticize is the ""lack"" of story. I'm afraid that that's an effect of us being overwhelmed with ""traditional"" storytelling, all the time. I mean: what you can achieve with a book, you can't achieve with a movie, what you can achieve with a movie, you cannot achieve it by just telling it to a buddy. The problem is that we're so used to movies, series,... to be just a filmed version of a story; a visual recording of events -just like when you watch the news- that we expect every movie to have this epic characteristics: a strong storyline with a lot of unusual events. And I stress the idea of ""unusual events"": most people see on TV in the news, in movies, series,... very unusual things, once-in-a-lifetime situations. And here, in ""Anyway..."", there are unusual events, but not in the same ""hollywood big explosion"" kind of way: guy gets fired, couple back together, car gets stolen... and of course very usual things. And that's strong: just being able to appreciate all of that, that universe, that's art. And I agree that especially what can only be achieved in movies, that atmosphere created by the score and the photography is put central. But not like in traditional visual movies (visual blockbusters such as the Matrix); it serves the characters and remains deeply human. I mean, in every shot you feel the love that Tom Barman has for Antwerp and urban lifestyle. And he has no point with this movie, like to ""learn"" us something; and he has no big story to tell with incredible scenario twists. He just shows everyday people with everyday lives, he shows a city, all with their good and bad sides and says: this is us, that's our city, that's life, let's enjoy it. So basically, ""Anyway..."" is not only that super groovy movie, it also has a much stronger ""message"" (it's not explicit, maybe even not intended) than most movies how really intend to pass a message. One drawback: now, we'll have to wait five years to see the next Barman pic, and everyone will expect so much of it...",1,0
"Typically, ""kids"" films have some annoying quality to it that makes it way too sappy and unbearable for someone over 13. But then again, that's before Holes hit the scene. Sure, it has the very same moments that often times give a kids movie its aforementioned quality, but this film does a good job of staying away from such conventions. The acting was decent, and the uneasy dynamics that Stanley had with some of the other campers was more realistic than what most movies seek to portray. What I especially liked about this movie was the fact that this film didn't try to break your heart or make you cry. The emotional power was a little more natural than most would imagine, kind of like The Shawshank Redemption in many ways (which Holes also has a similar, redemptive ending to it). The only down side? The hokey looking lizards. Overall, however, an 8/10.",1,1
"Having read some of the other comments here I was expecting something truly awful but was pleasantly surprised. REALITY CHECK: The original series wasn't that good. I think some people remember it with more affection than it deserved but apart from the car chases and Daisy Duke's legs the scripts were weak and poorly acted. The Duke boys were too intelligent and posh for backwood hicks, the shrunken Boss Hog was too cretinous to be evil and Rosco was just hyper throughout every screen moment. It's amazing the series actually lasted as long as it did because it ran out of story lines during the first series.<br /><br />Back to the movie. If you watch this film in it's own right, not as a direct comparison to however you remember the TV series, then it's not bad at all. The real star is of course the General Lee. The car chases and stunts are excellent and that's really what D.O.H. is all about. Johnny Knoxville is his usual eccentric self and along with Seann William Scott as Cousin Bo the pair make this film really funny in a hilarious Dumb-And-Dumber sort of way the TV series never achieved. The lovely Jessica Simpson is a natch as Miss Daisy, Burt Reynolds makes a much improved Boss Hog and M.C. Gainey makes a believably nasty Rosco P. Coltrane, the way he always should have been.<br /><br />If you don't like slapstick humour and crazy car stunts then you wouldn't be watching this film anyway because you should know what to expect. Otherwise if you want an entertaining car-action movie with a few good laughs that's not too taxing on the brain then go see this enjoyable romp with an open mind.",1,0
"Hubert Selby Jr. gave us the book ""Requiem For A Dream"" and co-wrote the screenplay to Aronofsky's movie of it. That movie succeeded on every level by delivering an intimate, and unbiased portrait of the horrors of the characters lives and the vices that destroyed them. ""Last Exit To Brooklyn"" still has the vice and the multiple characters living sad lives, but it hardly does them the same justice Aronofsky did.<br /><br />The film seems laughably anti-gay at times. Especially when in the film homosexuality equals death. One gay character gets stoned, is launched skyward by a speeding car, and lands dead on the pavement. Another is crucified and still more are simply beat up. Another exaggerated piece of shock value, that might actually have been compelling if it were done well, are scenes of the union workers literally doing battle with the strike-breakers. Who'd have thought a drama about Brooklyners would feature action sequences and truck explosions?<br /><br />The director, Uli Edel has a skill level like that of a TV director, but he is far below the cut for real movies. The film is clunky that can't even seem to settle on a genre. Lake is given a useless role that any mannequin could have filled and Baldwin only seems to know how to look stupid in his equally meager part. And then comes Jennifer Jason Leigh as our lead, a loathsome hooker named Tralala (believe it or not, I'm not joking). Her performance is nothing great and the fate of her character is dirty to say the least. Poor use of color and composition make it look cheaper than it is, and also takes the ""real"" edge off the more provocative bits. A failure.",0,1
"I'm the sort of person who went down to the local library and read books on Babbage's difference engine whilst my schoolmates were playing football etc.. So, if there is any such thing as a target audience for this film, then I guess I'd probably be included in that.<br /><br />Maybe I just need to watch it again. A previous reviewer mentioned not to watch this film whilst being tired. Maybe that was my mistake.<br /><br />I tried my best to enjoy this film, and there are aspects of it that I do like, but overall I found it amateurish and quite plodding.<br /><br />Being somewhat of a self confessed computer nerd, I just can't help but pick up on the exact time frame when the movie was actually made, and how the employed graphics reflect that time (i.e. 1997). Having played games of the era c.f. ""Mind Grind"" to cite one example, this film cannot escape that 16-bit colour low res multimedia explosion of that time. Now thankfully this has somewhat lessened in more recent years in the gaming world at least, in favour of actual game play.<br /><br />Having to resort to watching this movie via a German FTA satellite channel (as I don't think it's ever been aired on UK FTA TV, well not recently anyway), I was mildly amused to see the end credits note Gottdog (God dog) had 4 people working on it's design. Maybe it's mean spirited of me to be amused by this, given that ten years have elapsed since the movie was made, nevertheless the end result makes movie graphics from the eighties look good by comparison.<br /><br />But, as for the main story, I agree that the format isn't the best idea. Like others I agree that Ada deserves a film without the sci-fi angle, and a more straightforward biographical approach would perhaps be better suited to covering the life story of this remarkable lady.<br /><br />There are fundamental mistakes that undermine my enjoyment of this movie. First of all the underlying idea that somehow lost real-world information from the past can be accurately reconstructed through some sort of extrapolation via software based intelligent agents, seems somehow ludicrous.<br /><br />Also, the theme running through the movie that a computing device can indeed predict the mechanics of all things through the course of time (e.g. the winds) is now known not to be the case.<br /><br />OK, so the Victorians may have held this view, but the 20th century works of Gödel proving that no mathematical system can be complete, Turing's works on the limits of computability, not to mention chaos theory and quantum mechanics, have all completely undermined these ideas, which seem central to how the modern day researcher's software is supposed to work.<br /><br />Finally, the clicking of the mouse in the air to mean ""programming"" is also just plain wrong, as previously mentioned.<br /><br />This film maybe could have been OK, but at least some technical and scientific consultation would have given the film some much needed credit in the believability stakes.<br /><br />I won't forget the film though, as like ""Pi"", it is clearly a unique work, but with too many fatal mistakes for me to truly enjoy it, 3/10 from me.",0,1
"After watching this movie I was honestly disappointed - not because of the actors, story or directing - I was disappointed by this film advertisements.<br /><br />The trailers were suggesting that the battalion ""have chosen the third way out"" other than surrender or die (Polish infos were even misguiding that they had the choice between being killed by own artillery or German guns, they even translated the title wrong as ""misplaced battalion""). This have tickled the right spot and I bought the movie.<br /><br />The disappointment started when I realized that the third way is to just sit down and count dead bodies followed by sitting down and counting dead bodies... Then I began to think ""hey, this story can't be that simple... I bet this clever officer will find some cunning way to save what left of his troops"". Well, he didn't, they were just sitting and waiting for something to happen. And so was I.<br /><br />The story was based on real events of World War I, so the writers couldn't make much use of their imagination, but even thought I found this movie really unchallenging and even a little bit boring. And as I wrote in the first place - it isn't fault of actors, writers or director - their marketing people have raised my expectations high above the level that this movie could cope with.",0,0
"This sci-fi adventure is not the best and by no means the worst. I agree with the statement that bad sci-fi is comical. Bizarre pink tinting and unusual special effects make this a favorite for the late, late, late show viewers. Space explorers on the planet Mars fight off strange giant amoeba-like monsters and other strange creatures. Pretty cool.<br /><br />The cast includes Les Tremayne, Naura Hayden, Gerald Mohr and Jack Kruschen. Get comfy and enjoy. Don't feel bad if you nod off for a moment. I agree with adding this to the list of cult classics to not miss.",0,0
"Budget, decent actors ...who knew these things were important. Don't waste your time on this piece of junk. The effects are crap. The acting is crap. The only thing that could have made this even tolerable was a little cheap T&A and that gets squandered in the first 20 minutes.<br /><br />The only even remotely redeeming quality about this movie is the very awkward profanity. It was like they found the only 7 people on the planet who have never cursed before. Hats off!<br /><br />If you want to see some dude in a bad suit just go back and look at old prom photos. The only way for a Bigfoot flick to be any good is for it to have a big budget and some actors who didn't come from Frogballs Community Theater.",0,0
"Thirty years after its initial release, the third version of ""A Star Is Born"" finally comes to DVD in a package that should please the most devoted fans of Barbra Streisand. That would include me since I just saw her in concert singing among other numbers, the feminist anthem ""Woman in the Moon"" from this 1976 film. Easy to dismiss, the movie's career-polarizing story is such a sturdy pile of Hollywood-style clichés that variations of it exist in other films including Streisand's own ""Funny Girl"". This time reset to the then-contemporary music scene, the timeworn plot follows self-destructive rock star John Norman Howard on his deep-dive career descent just as he meets club singer Esther Hoffman who is awaiting her big break.<br /><br />Troubles dog their courtship from the outset, as John Norman (both names please) responds to grasping fans and bloodless DJs with random acts of violence (from which he inexplicably escapes prosecution). To John Norman, Esther represents his last shot at happiness, and in turn, she is drawn to the innately decent, creative musician underneath the façade. In the movie's most pivotal scene, he gives Esther her big break at a benefit concert, and her career takes off. Inevitably, he can't handle the failure of his career in light of her meteoric success, and if you are familiar with any version of this story, you know the rest. Directed by Frank Pierson (although Streisand's budding directorial talents are obviously on display), the film still manages to draw me in, even though I know it is shamelessly contrived and manipulative. It still has a certain emotional resonance despite its numerous flaws.<br /><br />Although Streisand in her prime seems like the ideal choice to play a rising singing star, her screen persona is simply too strong and predefined to play Esther credibly. The same can be said for her performing style since the script seems to make allowances for her softer Adult Contemporary-oriented material to be accepted within the otherwise hardened world of arena rock. From the moment she pops her head up as the middle of the Oreos, she can't help but come across as an established star. I can forgive the lapse simply because she is an unparalleled vocal talent, but what becomes less forgiving is how she makes Esther more strident than poignant when John Norman's woes become overwhelming. This creates an oddly discomfiting dynamic in the last part of the film when it becomes less about what caused the climactic event than Esther's response to it. This is capped off by an uninterrupted eight-minute close-up of her memorial performance - great except when she regrettably mimics John Norman's style toward the end.<br /><br />Kristofferson, on the other hand, gives a superb performance throughout, managing a level of honesty that grounds the film and makes palpable his concurrent feelings of love, pride and resentment toward Esther. He makes his vodka-soaked onstage growling work within this context. Otherwise, what always strikes me as strange about this version is how all the supporting characters are relegated to the background as if they didn't exist unless they were interacting with the two principals. The only ones who register are Paul Mazursky as John Norman's level-headed manager Brian and Gary Busey as his cynical band manager Bobbie. Veteran cameraman Robert Surtees provides a nice burnish to the cinematography though a level of graininess persists in the print. A big seller in its day, the soundtrack is a hodgepodge of different styles from the 1970's - some songs still quite good (""Everything"", ""Woman in the Moon"", ""Watch Closely Now""), some that have moved to kitsch (""Queen Bee"", Kenny Loggins' ""I Believe in Love"") and of course, the inescapable ""Evergreen"".<br /><br />The print transfer on the 2006 DVD is clean and the sound gratefully crisp thanks to digital remastering. Streisand's participation is the chief lure of the extras beginning with her feature-length commentary. She gives insightful information about the genesis of the film, the casting and the reportedly troubled production. She is also refreshingly candid about the megalomania of Jon Peters, her hairdresser boyfriend who became the movie's producer, and her dissatisfaction with Pierson as a director. I just wish she could have provided more scene-specific comments that directly relate to what is on screen. She also tends to repeat the same anecdotes when the mood strikes her, e.g., it gets tiring to hear for the third time how the person playing the chauffeur was a friend of Peters. I think having a second commentator could have drawn out other nuggets from her.<br /><br />There is a wardrobe test reel that shows some amusing 1970's clothes, especially Kristofferson's mixed-fabric poncho and orange polyester shirt. There are also twelve deleted scenes included with Streisand's optional commentary. One is a comic bread-baking scene which reminded me how much I like Streisand in farcical comedies. Another is an extended scene in which she plays ""Evergreen"" on the guitar in front of an awestruck Kristofferson who then falls asleep. The most interesting is an alternate take on the musical finale incorporating fast cuts, which I agree with Streisand should have been used. Fittingly, the theatrical trailers for all three versions of ""A Star Is Born"" are also included.",1,1
"Dead To Rights is about a Police Officer named Jack Slate who finds his murdered father and goes after the man that he thinks killed him.Jack is later shot and framed for the murder of the man he suspected of killing his father.<br /><br />Several months later on the day Jack is going to be executed he escapes from prison and searches the city for the man who framed him for murder.Jack's search leads him through a trail of *beep* that doesn't end until everyone is dead.<br /><br />Through out the game Jack uses weapons from M4 Carbines to his dog Shadow to kill endless streams of people in 15 levels.The game play is basically ""kill 30 people,find switch to open door.kill 50 people,find switch to open door"" over and over until the level is done.There are fun mini games too like playing as a stripper to distract bouncers at a Night Club so Jack can get to another area in the club,or bomb disarming.<br /><br />Dead To Rights is also a hard game.You will be put in an area swarming with bad guys armed with Sub Machine Guns while you only have a pistol.Near the end of the game skill turns to dust and you have to rely on luck.<br /><br />Dead To Rights is as gory as it is hard.If you shoot a guy in the face with a shot gun blood will splatter on the walls,ceiling and floor.And since there are several guys in each area the walls will be painted in blood.<br /><br />Family fun for everyone.",1,1
"Manhattan apartment dwellers have to put up with all kinds of inconveniences. The worst one is the lack of closet space! Some people who eat out all the time use their ranges and dishwashers as storage places because the closets are already full!<br /><br />Melvin Frank and Norman Panama, a great comedy writing team from that era, saw the potential in Eric Hodgins novel, whose hero, Jim Blandings, can't stand the cramped apartment where he and his wife Muriel, and two daughters, must share.<br /><br />Jim Blandings, a Madison Ave. executive, has had it! When he sees an ad for Connecticut living, he decides to take a look. Obviously, a first time owner, Jim is duped by the real estate man into buying the dilapidated house he is taken to inspect by an unscrupulous agent. This is only the beginning of his problems.<br /><br />Whatever could be wrong, goes wrong. The architect is asked to come out with a plan that doesn't work for the new house, after the original one is razed. As one problem leads to another, more money is necessary, and whatever was going to be the original cost, ends up in an inflated price that Jim could not really afford.<br /><br />The film is fun because of the three principals in it. Cary Grant was an actor who clearly understood the character he was playing and makes the most out of Jim Blandings. Myrna Loy, was a delightful actress who was always effective playing opposite Mr. Grant. The third character, Bill Cole, an old boyfriend of Myrna, turned lawyer for the Blandings, is suave and debonair, the way Melvin Douglas portrayed him. One of the Blandings girls, Joan, is played by Sharyn Moffett, who bore an uncanny resemblance to Eva Marie Saint. The great Louise Beavers plays Gussie, but doesn't have much to do.<br /><br />The film is lovingly photographed by James Wong Howe, who clearly knew what to do to make this film appear much better. The direction of H.C. Potter is light and he succeeded in this film that will delight fans of classic comedies.",1,0
"As it is often the case, the impressive and explosive trailers of Asian films add up to nothing more than lackluster stories. Similar to Unleashed (which was great,) Dog Bite Dog tells a story where men are raised as ferocious savage dogs that carry out their master's bidding. The main characters, an emotionally undeveloped, amoral killer who is matched against an equally unstable police officer, are far from the common heroes and villains we often see. In fact, by the end, you lose track of who you're supposed to empathize with, failing to feel even the slightest emotion for either of the men  whether that was the failure of the director or perhaps the underlining message he was trying to tell is up to you to decide.<br /><br />Although the beginning of the film was filled with intrigue and unpredictability, by the half-way point it slopped down to a humdrum story of survival and revenge. The suspense which was evident at first soon disappeared because of a grossly mismatched music score which brought down the potentially effective story telling. And in the end, you were left feeling that all that detailed background information and introspection of the main characters was somehow very unnecessary.<br /><br />On the plus side, the transition in story from point a to point b was quite atypical compared to US movies  so those who aren't familiar with Asian films and are tired of Hollywood's predictability should check it out.<br /><br />The white balance seemed off throughout most of the film. It was like looking into a picture shot on fluorescent when it was supposed to be set on tungsten. Maybe I'm the only one, but it strained my eyes.<br /><br />The movie also enjoyed playing tricks on you  an interesting build-up gave me hope for the slow moving story until it was diverted to a low budget, low speed chase scene. And just when you think you were going to get an unanswered indie ending with a mix of Shakespearean tragedy, you realize that it's not an ending at all, but rather a transition into a wacky country-music montage about peace and serenity.<br /><br />Throw in some grisly from-behind choke scenes, a moment of redemption unexpectedly brought back into savagery and back again the other way, Asians' fascination with bodily fluids and a horrible music score that didn't match the film, and you get the average bland Asian thriller.<br /><br />I just don't get why every fight scene was overlaid with clips of roaring lions I thought they were supposed to symbolize dogs? Ultimately, in the end, we are reminded about a true killer that still lurks amongst us  tetanus.<br /><br />4/10",0,0
"I don't remember the last time I reacted to a performance as emotionally as I did to Justin Timberlake's in ""Edison."" I got so emotional I wanted to scream in anguish, destroy the screen, readily accept the hopeless cries of nihilism. Timberlake is horribly miscast; in fact, casting him is like casting Andy Dick to play the lead role in ""Patton,"" or Nathan Lane to play Jesus. But that is almost beside the point.<br /><br />Timberlake is simply a bad actor and he would be equally terrible in any role. I used to have problems with Ben Affleck's acting talent, but Timberlake makes Affleck look like Sir Ian McKellen or Dame Judi Dench. With his metrosexual lisp (read lithp), his boyish glances and emotional expressions which derive from something like ""The 25 Cliché Expressions for Actors,"" he poisons the screen upon which he is inflicted mercilessly, and no matter how you slice it, I do not and will not buy his role as an amateur-turned-crusader-for-justice journalist. It simply will not fly.<br /><br />However, Timberlake alone isn't to blame for his failure. Director David J. Burke puts him not only in the (essentially) primary role, but also places him aside Morgan Freeman, Kevin Spacey, John Heard, Dylan McDermott, Cary Elwes and (I'm surprised he was as good) LL Cool J. I can imagine one almost physically suffering watching some of this cast interact with Timberlake.<br /><br />There is an upside to this of course: the moment any of these actors interact without Justin there it feels like a double relief. A pleasure, if you will. Freeman and Spacey may not have more than 10 minutes of screen time alone together, but that ten minutes is blissful in contrast to their scenes with our so-called hero. Dylan McDermott is also a breath of fresh air.<br /><br />But enough of Timberlake bashing - words aren't enough in this particular case to do the trick. ""Edison"" is a very, very run-of-the-mill corruption story. It's plot ranges from cliché to simply preposterous. I do, however, admire the motivation behind making it, which I interpret as an homage to films like ""Serpico,"" or ""Donnie Brasco,"" or maybe even ""Chinatown."" Don't get me wrong - ""Edison"" is not even in the same ballpark as these films, but I can stretch my suspension of disbelief to admire its reason for existence, perhaps to justify my sitting through it.<br /><br />The script, in and of itself, features some surprisingly bad writing. Yes, it has some decent interchanges, but any conversation between Piper Perabo (who is wasted here) and Timberlake seems like it was lifted straight out of a Dawson's Creek episode. It's your typical far-too-glib-for-reality, let's-impress-the-audience-with-how-well-we-articulate (and fail) dialogue. This dialogue, mind you, is punctuated by great music at the wrong moments - sometimes it feels like ""Edison"" wants to morph into a music video, where the emotion of the scene is not communicated through acting, but precisely through the badly chosen music and variant film speeds (read slow-motion).<br /><br />Thinking about it, ""Edison"" is a curiosity. It's sure as hell got a cast to kill for but the performances are marred by Timberlake who simply doesn't work. In film as in most art, if one thing is off, the whole thing feels off. Directors must make tough choices. David J. Burke missed the mark here. Some of the scenes play well in and of themselves, but as a whole, they don't seem to fit like puzzle pieces from different puzzles forced into one incoherent picture. And it's not particularly an exciting puzzle to begin with.",0,0
"This show is quick-witted, colorful, dark yet fun, hip and still somehow clean. The cast, including an awesome rotation of special guests (i.e. Molly Shannon, Paul Rubens, The-Stapler-Guy-From-Office-Space) is electric. It's got murder, romance, family, AND zombies without ever coming off as cartoony... Somehow. You really connect with these characters. The whole production is an unlikely magic act that left me, something of a skeptic if I do say so myself, totally engrossed and coming back for more every Wednesday night. I just re-read this and it sounds a little like somebody paid me to write it. It really is that good. I just heard a rumor that it was being canceled so I thought I'd send off a flare of good will. This is one of those shows that goes under the radar because the network suits can't figure out how to make it sexy and sell cars with it. Do yourself a huge favor, if you haven't already, and enjoy this gem while it lasts. OK so one more thing. This show is clever. What that means is that every armchair critic/""writer"" in Hollywood is gonna insert a stick up their youknowwhat before they sit down to watch it, defending themselves with an ""I could've written that"" type speech to absolutely nobody in their lonely renovated Hollywood hotel room. In other words: the internet. This is a general interest/anonymous website. Before you give your Wednesday TV hour to Dirty Sexy Money or Next Hot Model reruns or whatever other out and out tripe these internet ""critics"" aren't commenting on, give my fave' show a spin. It's fun. Good, unpretentious fun.",1,1
"Made in 1931, this foreign film should be seen and enjoyed more often.<br /><br />We open on a quiet little French village, scanning the roofs of the sleeping citizens. Then we hear something that sounds like a party. Upon investigating the uproar, two neighboring men are told the story of two men, supposedly friends, who picked two numbers for the lottery.<br /><br />Our star of the picture has his number and his friend his. When he asks his friend, would he share half of the dough, should his ticket be the winning number, his friend promptly says no. In fact, H.E. double hockey sticks no! is the way he acts about it.<br /><br />So when our man discovers he has the winning ticket and that it has been lost, through no fault of his own, he is frantic. Everyone is out for themselves, looking for this ticket, in something like a precursor to ""The Great Race."" Even though this is all a flashback, I was in knots the whole time and got so upset over every little thing in this all-for-me show-me-the-money cash-in-the-bank film. Watch Le Million today!",1,1
"These kind of movies where a psycho of one variety or another tries to damage the reputation (and eventually eliminate altogether) some naive person in order to take over their life. Fatal Attraction, Pacific Heights, The Hand that Rocks the Cradle, Single White Female, and a thousand made-for-TV movies are some examples of this. But while a few, especially Fatal Attraction and Pacific Heights could offer at least some extremely paranoid, suspenseful characters or a few plot twists, Unlawful Entry plays everything by the book. And were it not for the notoriety of its stars (Kurt Russel, Ray Liota, and Madeline Stowe), this movie would sink to mediocrity faster than a Danielle Steele miniseries.<br /><br />Russel plays Michael Carr, an incessantly naive guy who calls on the help of a pair of officers when someone breaks into his house and tries to attack his wife (Madeline Stowe). Unfortunately, he quietly vents his anger about feeling so helpless in the situation to the wrong cop (Ray Liotta), a typically psychopathic villain with no limits for his power. At first empathizing with Carr (probably only pretending to do so), the cop befriends the couple. But soon enough, the cops wants Carr out of the way so, destroying the guys life nearly any way he can (which is pretty easy when you're a cop, and when you're the cop who has installed the guy's security system in his house) in order to take over and presumably, get his wife. It seems less ends-oriented, and more like the cop just wants to prove his power. The wife is more like a trophy, in other words, than an end. And the story plays out entirely by the book, you can probably predict every occurrence before it happens on the screen if you've seen enough of these movies. From the ""shocking"" moment our main, naive character realizes he is a victim of credit card fraud (perpetrated by the psychopathic villain) to the turn-around-he's-not-really-dead finale.",0,0
"Dahmer, a young confused man. Dahmer, a confusing movie. Granted, I had a few beers while watching the movie, but that doesn't explain why I got so bored by this flick.<br /><br />Its flashbacks are nothing but confusing and annoying, and there's no real storyline with a beginning and an end, the only thing that made sense in the movie was the explaining text in the beginning and at the very end of the movie. The inbetween stuff, which would be the movie, is just boring images and a waste of time. <br /><br />We never see actual murders, everything is just a bunch of insinuations. Sometimes you even just get a feeling that Dahmer's dreaming the entire thing, but you know he isn't, since it's<br /><br />based on a true story and this actually happened, at least most of it. But what happened? It's not easy to tell.<br /><br />I do not encourage people to waste time on this movie. I<br /><br />didn't like it one bit and I felt cheated when it suddenly ended. <br /><br />*/*****",0,0
"<br /><br />As with the other episodes in this made-for-TV series expanding on the many adventures of the sea legend, Horatio Hornblower's super human infallibility ruins all chance for suspense.<br /><br />As little Wesley Crusher ruined many seasons of THE NEXT GENERATION, Horatio Hornblower invincibly saves every situation. Each and every clever solution inevitably comes only from the lips of Horatio Hornblower. Immeasurably superior, Hornblower's main trouble in this movie series seems to be tolerating the many error ridden characters above and below him in the chain of command. A perfect being makes for dull story telling. So superior is our hero, that even those who attempt to help him are powerless to do something correctly unless Hornblower is there to direct and control their every move.<br /><br />What is the sense in telling a story about any person who cannot do wrong and will repeatedly win at everything every single time? What is the point of watching such a story?",0,1
Very good dramatic comedy about a playwright trying to figure out how to keep his head above water after running out of ideas. Can't say much about this film without giving away the story. I can say that little was as it seems as you are watching the picture. Everybody has his or her own agenda. Nice little surprise at the end - after all the other surprises. Well written with good performances by all.,1,1
"As someone else mentioned, it begins with a bizarre prologue about a little blond girl killing a cat. Then the main story: a photographer (Gaffari) and a writer (Shepard) meet by chance and take a trip into the mountains. First they spend the night at an inn where the slightly deaf landlord gets hollered at, with increasing irritation to the audience, by Gaffari. Once in the mountains they seek shelter again and are invited in by a kindly old lady who seems overly hospitable to strangers (Hansel and Gretel, anyone?) What happens next I will leave for the bold viewer to sort out because I most assuredly couldn't. Now, I like Eurohorror, and this woulda been better if only Artigot (writer AND director) had made some attempt at logical story telling. The backdrop (Pyrenees?) makes an excellent and intriguing location for mysterious and occult occurrences. The verdant peaks could easily obscure supernatural forces and those who command them. The photography is nice. Just wish the whole thing made sense. You can view this film at archive.org.",0,1
"I am surprised that everyone (even the critics) seems to think this was a good movie. It was the most clichéd thriller ever made that I have seen. We have the 'bad guy' who wants to force the 'good guy' (or girls in this case) to do something or face the consequence. The 'good girl' in this movie must use her smarts and skills to defeat the 'bad guy' and save the day and her loved ones. Using charisma, bravery, and even luck to save the day. <br /><br />Where to begin? Well, a young woman by the name of Lisa Reisert meets a young man by the name of Jackson Rippner (nice name) at an airport. One coincidence leads to another and soon it seems as if fate is bringing these two together. Sharing drinks, sitting next to each other, seemingly getting along in every way... Is there more to this strangeness? Could these two be meant for each other? Does 'fate' have a reason for their strange and random encounter? <br /><br />Well, as it turns out, unfortunately yes. Jackson needs to Lisa to help him assassinate the Director of Homeland Security by moving him from one room to another so that his men can launch an attack on him. Oh, if she doesn't do this then her father is dead. Though we never learn the exact reasons why and who is really behind this madness, Jackson more then explains how this is going to happen and why its in Lisa's best interest to help him.<br /><br />Of course, Lisa defeats his evil plans with her smarts and in the process stabs him in the neck, makes him trip over chairs, and hitting him with a field hockey stick. Oh, and before that, she leads him on wild chase through Miami airport where she gets passed post 9 11 security and steals a car that she later uses to run over the man who was ordered to kill her father. <br /><br />Yeah, right.<br /><br />First of all, I find it strange that a man like Jackson who can get his hands on high tech weaponry needs the help of a hotel manager. Couldn't he just sneak a bomb into the building? Wouldn't that make it safer for him and his team by leaving out any third parties? And why do characters like Jackson also explain everything they are going to do to someone they are threatening? Doesn't that make it easier to stop them by the same people? <br /><br />The actors did their best considering the movie they were given. Racheal McAdams and Cillian Murphy are still actors to look out for. Also, I believe that Jayma Mays (who played the 'loveable' Cynthia) will be someone we will see more of. It's just too bad they all were stuck with this.<br /><br />2 out of 10",0,0
"Across the country and especially in the political landscape, people with any kind of political ambition, should take time out to see this film. The movie is called "" City Hall "" and with little imagination, its synopsis can take place anywhere in America. It just so happens to open in New York. Here we have the story of a popular politician named Mayor John Pappas (Al Pacino) with enough savvy to run a major metropolitan city with very little effort. His right-hand man is none other than Deputy Mayor Kevin Calhoun (John Cusack) an equally bright individual who's ambitions are tied to his mentor and both seemed destined for higher office. Everything points in that direction, until a police shooting ignites an investigation spearheaded by Marybeth Cogan (Bridget Fonda) who believes the guilt points towards city hall and the mayor. A six year old boy and a police officer's death are blamed on a career criminal who's questionable freedom leads to an apparent cover-up by political pay-offs and city corruption involving union leaders like Danny Aiello played by Frank Anselmo, corrupt judicial officials like Judge Walter Stern. (Martin Landau) and mafia bosses like Paul Zapatti (Anthony Franciosa) who are deeply involved. Also implicated, are party officials like Larry Schwartz (Richard Schiff) who works for the probation office of New York. But it is the bond between the mayor and his deputy which is taken to task by the accidental shooting. A great vehicle for Cusack and a sure bet nominee to become a classic. ****",1,0
"This, I think, is one of the best pictures ever made. It's so pure and beautiful. It really touched me. I'm glad David Lynch proved that a film doesn't necessarily need SFX, a twisting, complicated plot or flashy images. Way to go,Dave. I'd like to see Cronenberg do that!",1,1
"When I watch a low budget film I know what to expect. I expect the acting not to be as good (budget reasons), I expect the lighting not to be as good (budget reasons)I expect the sound not to be as good (budget again). Stop judging these low budget movies like a big budget film!!! I'm a filmmaker myself so I understand the budget constraints on a low budget film. Stealing locations, shots etc... the list goes on and on. I don't want to say all the acting was bad. Jose Rosete, Chris Angelo, Victor Zaragoza are good. Raul Martinez is a natural. Not sold on Carl Washington yet. He has to understand that every line is not important, some are throw away lines. I say if a film makes you want to see what happens next, it's a good film. I liked this movie. I gave it an 8. I wanted to see what was gonna happen next. Great job Quiroz brothers!",1,0
"This movie has it all. It is a classic depiction of the events that surrounded the migration of thousands of Cuban refugees. Antonio Montana(played by Al Pacino), is just one of the thousands to get a chance to choose his destiny in America. This cinematic yet extremely accurate depiction of Miamis' Drug Empire is astonishing. Brian DePalma does an amazing job directing this picture, so much that, the viewer becomes involved with both the storyline, as well as every character in the cast. With Tony's characters' pressence being so believable and strong, Brian DePalma brang out the raw talent exposed by Steven Bauer(Manny, Tony's best Friend), Mary Elizabeth Mastantonio(Gina, Tony's Sister), Robert Loggia(Frank, Tony's Boss)and Michelle Pfeiffer(Elvira, Frank's Wife). I enjoyed every minute watching this movie, and still watch it on a weekly basis. On this year, the 20th Anniversary of this classic crime movie, I for one am a true believer that in another 20 years people will still refer to this movie in astonishing numbers. With other crime movies being so dramatic I find, this movie is a shock to the system.",1,1
"I saw Chan Is Missing when it first came out, about four years after moving from San Francisco to New York. Maybe it was the perspective of a few years away, but this movie seemed to capture the essence of the city and its people better than anything else I'd ever seen (still does). It concentrates on one particular community - the Chinese - but that's fine, because so much of the city's soul is refracted through the settings, the faces, and the maybe above all the voices of the characters.<br /><br />This isn't the tourists' San Francisco. The settings are humble and everyday: a taxi cab, the kitchen of a Chinese restaurant, Richmond District row houses, little Chinatown apartments and small-business offices, the piers, a Philippine elder center. This is what the city looks and feels like day to day to the people who live there - even now, in the era of Silicon Gulch urban redevelopment. Unlike, say, Dirty Harry (in its own way an excellent San Francisco movie as well), everything is filmed at street level: We come to understand the characters' points of view from the perspective their surroundings give them, not from some fancy vertiginous shooting.<br /><br />Wang apparently filmed in B&W because he didn't have the money to do otherwise, yet one of the strongest visual elements of the movie is the natural light he achieves. The often harsh, pervasive quality of the sunlight is one of my closest associations with San Francisco: It seems to expose everything, bringing the buildings, the hills, the other landmarks down in scale and, in a funny way, making the people you pass on the streets seem more individual and potentially closer to you than they might in another place. Wang's photography perfectly conveys this, and even helps the story along at points.<br /><br />Wang captures the speech and conversational style of Chinese and other San Franciscans better than anyone ever has, I think. If there's such thing as a true San Francisco ""accent,"" it's what you hear from the balding taxi medallion broker (I think) who appears talking on the phone in one scene (listen to the way he calls the person on the other end ""ya dingaling!"").<br /><br />The story is poignant and, despite a few very small missteps, makes its points beautifully about the longings that pull at the hearts of people living in old immigrant communities - including the justified political and ethnic resentments, and little ironic amusements, that help to fuel them. All this is communicated delicately - perhaps why some respondents here think the film meanders. It doesn't - suffice it to say that the two cab drivers' quest for Chan becomes a quest for something more personal.<br /><br />Chan Is Missing finishes up with a Chinatown travelogue sequence backed by a goofy novelty song from the 1930s (I guess) about San Francisco and all its crazy diversity. An American caricature, yes, but somehow not entirely off the mark either.",0,1
"A few years ago, a friend got from one of his other friends a video with the Michael Mann film 'Heat' on it. After we finished that movie, and were about to stand up, we saw that there is another film just after, tough on the cassette's envelope the owner didn't write it up. Yet we were all glued back to our seats by its distinct opening, which lacked credits.<br /><br />Some two hours later, I just sat there wondering: how could I not have heard of this masterpiece before?...<br /><br />This film was Europa. Lars von Trier woke film noir from the dead, deconstructed reality with intentionally obvious sets, yet often there was haunting similarity with post-war German photographs I saw. And then the tricky cuts!<br /><br />The story itself is a hard-to-take moral odyssey that has no happy end. A young American pacifist of German descent comes to post-war Germany, intent on doing some good to pay for the bombs his countrymen dropped. But he mostly meets distrust and self-destructive defiance. He hires with Zentropa, a dining-and-sleeping-car company (modeled on Mitropa), whose owner is one of the Nazi collaborators the Occupiers whitewash. Our hero falls in love with his daughter - who later turns out to be a member of the Werewolf, Nazi post-war terrorists. When he doesn't understand the world (or just Europeans) anymore, in his rage he blows up a railroad bridge under a train which he just saved.<br /><br />As a final note, for historical correctness: in the real world, the Werewolf were nowhere as important as the film implies, they were mostly a final Nazi propaganda coup. After an SS unit assassinated the major of Allied-occupied Aachen, two months before the capitulation, the Nazis announced the creation of whole legions of saboteurs and terrorists who will be ready to fight behind the lines, the Werewolf. But only a few hundred of mostly Hitler Youth received some training, and while two or three times some were deployed to murder suspected communists or forced-labourer foreigners in Bavarian villages to imprint lasting fear on inhabitants, with Hitler's death and the war's end it all fell apart.<br /><br />However, the Werewolf propaganda had a profound effect on the occupiers. They feared the Werewolf everywhere, suspected it behind any serious accident - but without exception another cause was found later (ignored by some recent pseudo-historians). For example, when a gas main exploded in the police HQ of bombed-out Bremen, or when the Soviet military commander died in a motorbike accident in Berlin. The effect was strongest on the Soviets, who arrested tens of thousands (in large part children!) 'preemptively' on suspicion of being Werewolf, and closed them off in prison camps where a lot of them died.",1,0
"I am amazed at the amount of praise that is heaped on this movie by other commentators. To me it was rather a disappointment, especially the combination of historical facts, fantasy and the main character's internal turmoil does not work at all (in Vonnegut's book Slaughterhouse Five and even in George Roy Hill's adaptation for the screen it does). Credibility is often overstretched. Too many questions are left open. Did I miss some central points? Or did I fail to spot the lines that supposedly connect the dots? <br /><br />A boy called Campbell, Jr., grows up in upstate New York. At home his father has many technical trade papers and one book. It has photographs of heaps of dead bodies in it. The boy leafs through the book, his dad doesn't like his doing that. What should this tell me? The family moves away from upstate New York to Berlin. BANG. It is 1938, the boy is a married man in Berlin and a theater playwright. What kind of plays does he write? In what language? Is he successful? His wife is an actress and looks glamorous. The parents move back to the USA and invite their son to do the same. He does not. Why? Because having grown up in Germany he feels more German than American? Because he is successful? Because his wife is? Because he likes his life there? Because he likes the Nazis? Because he is just plain lazy and doesn't like change? Don't ask me.<br /><br />Possibly, the man just does not care, is not interested in politics, is a kind of an existentialist. He states that he is deeply in love with his wife. He speaks of his Republic of Two (meaning he and his wife). There is little to no evidence proving his love for his wife in the movie, it much more seems a Republic of One.<br /><br />On the request of an American agent Campbell, Jr., agrees to broadcast anti Semitic Nazi hate propaganda to American listeners as a device for transmitting encrypted messages to American authorities who read between the lines. The crucial meeting with the agent on a Berlin park bench is short, unexciting and anti climactic, the decision to play along comes pretty easily with no explanation, the rise up to broadcaster seems to be uneventful and apparently fast.<br /><br />So now we have Campbell, Jr., presenting himself over the air as the Last Free American. The scheme for transmitting secret messages is fairly realistic and exciting - although one wonders what happened when Campbell, Jr., really and honestly had to cough, hiccup etc. (must have scrambled the messages terribly). Anyway, the Nazis lose, the wife dies (touring in the Crimean for German troops - I never heard such tours really happened on German front lines in WW II), Campbell, Jr., says he goes to the Russian front but does not go, is captured by an American soldier who recognizes his mug (how come?), is dragged to a sight-seeing tour in Auschwitz, is then released and resettled with the help of the Crucial Agent somewhere in the City of New York.<br /><br />AND THIS IS WHERE THE STORY REALLY STARTS <br /><br />BANG. From now on it is like a short story by Paul Auster. It is 1961, Campbell, Jr., lives in New York tenement as a has-been and mourns the loss of his wife. Nobody really cares - or do they? Yes, somehow they do, and his neighbors offer some sort of distraction. Auschwitz survivors. A painter. Some American supremacists discover"" him and want him to be their figurehead. They even find his presumed dead wife for him, or is she his wife? Anyway, in the end Campbell, Jr., calls in at the Israeli consulate, and they obligingly give him the Big War Criminal treatment, placing him in the cell adjacent to Adolf Eichmann's. He writes his life story and, once this task finished, hangs himself on the typewriter's ribbons without getting sooty the least bit.<br /><br />While I can see that there must be an issue of guilt and of loss, I just had the impression that the main character is a person who at all times is pretty indifferent to everything and hardly capable of love for anyone. So I found it difficult to sympathize for this looser who mourns his loss. Amazingly, many reviewers focus on his status as a potential war hero, having put his reputation at stake for playing the Last Free American. I assume according to them this took a lot of courage. As a matter of fact, however, the movie suggests that by accepting the assignment Campbell created for himself a win-win situation, as he would have been politically on the safe side no matter who had won the war. The danger of his being uncovered never comes up during the first part of the story.<br /><br />One might argue, that the whole story is a dreamlike fantasy and that nobody should bother with historical accuracy or a logical development of the story which explains everything. But even then it fails to make a point, primarily, I suspect, because the love affair in the Republic of Two falls completely flat. This is a pity, especially if you consider that the wife was played by Sheryl Lee, a talented, versatile and sensuous actress. She has much too little screen time and is forced to use a ridiculous German accent. Another somehow neglected aspect are the different texts (confession, broadcast and hidden messages), but I guess this is largely unfilmable. Maybe I should give the book a chance.",0,0
"Im going to keep this fairly brief as to not spoil anything for you. This movie is awesome. From beginning to end, it is filled with genuine thrills. The fight scenes are fantastic, the chase scenes are enthralling, and it moves at such a pace that it really only felt slow toward the end when things are explained, but that is only because everything that preceded it. Damon shines and really has proved a very solid actor, daring you not to believe him in this role. He is this role. A welcome addition to the series in David Straithrain (hope i spelled that close to right) as a seedy CIA agent out to kill Bourne. This is non stop and will truly leave you on the edge of your seat for most of the way. Some things toward the end are just a smidgeon preposterous, thus negating a 10 rating. The ending is left open for sequels and I sure hope that they consider doing more of these, for none have been bad. Excellent film all in all and a fantastic ending to an amazing trilogy.<br /><br />P.S. The shaky cam did not hurt any of the action, but I still think we could do without it. The good news is, you only really notice it when people are talking and not so much the action.",1,1
"I'm surprised that no one yet has mentioned that there are two versions of this same film. The lion's share of the footage in both is identical, but here is where they differ: In one version (the version I have seen most often on broadcast TV), the group of clerics guarding the gateway consists of the ""Brotherhood of the Protectors"", a (fictional) splinter group of priests and brothers ""excommunicated"" by the Church. In the other version, which I've seen only once on TV, the clerics guarding the gateway are depicted as priests of the official Church, meaning the Archdiocese of New York (or perhaps Brooklyn). Also, in the former version, in most of the pertinent scenes, the clerics are referred to as ""brothers"" (and in some scenes, you can see where the lips say ""Father"" so-and-so but the dubbed audio says ""Brother"" so-and-so. In the latter version, I believe everyone is referred to as ""Father"".<br /><br />In any event, it seems that one of these two versions is more or less a partial re-shooting of the other, with all ""Brotherhood of the Protector"" scenes re-shot as ""Archdiocese"" scenes, or vice versa. (Kind of reminds me of the Raymond Burr cutaway scenes in ""Godzilla""). I have videotaped both versions off broadcast TV, so no, I'm not imagining this. Can anyone shed some more light on the story behind these two versions of the film?",1,1
"Lin McAdam (James Stewart) wins a rifle, a Winchester in a shooting contest.Dutch Henry Brown (Stephen McNally) is a bad loser and steals the gun.Lin takes his horse and goes after Dutch and his men and the rifle with his buddy High Spade (Millard Mitchell).The rifle gets in different hands on the way.Will it get back to the right owner? Anthony Mann and James Stewart worked together for the first time and came up with this masterpiece, Winchester '73 (1950).Stewart is the right man to play the lead.He was always the right man to do anything.The terrific Shelley Winters plays the part of Lola Manners and she's great as always.Dan Duryea is terrific at the part of Waco Johnnie Dean.Charles Drake is brilliant as Lola's cowardly boyfriend Steve Miller.Also Wyatt Earp and Bat Masterson are seen in the movie, and they're played by Will Geer and Steve Darrell.The young Rock Hudson plays Young Bull and the young Anthony (Tony) Curtis plays Doan.There are many classic moments in this movie.In one point the group is surrounded by Indians, since this is a western.It's great to watch this survival game where the fastest drawer and the sharpest shooter is the winner.All the true western fans will love this movie.",1,1
"Patrick Channing (Jeff Kober) is a disciple of Satan / serial killer who possesses the ""First Power"": even after being captured by detective Russell Logan (Lou Diamond Phillips) and executed in the gas chamber, he is able to move his spirit from body to body and continue to murder at will. With the help of attractive psychic Tess Seaton (Tracy Griffith, Melanie G.'s half-sister) he attempts to stop Channing.<br /><br />This concept probably had some possibilities, I think, but ultimately ""The First Power"" suffers from routine scripting and film-making. This is nothing we haven't seen before, sometimes done better. There is nothing about this movie to distinguish it from other supernatural horror thrillers. More to the point, it's not very thrilling and it certainly isn't scary. Phillips is a hard sell as a tough-as-nails, cynical cop stereotype, and Griffith doesn't seem to be trying very hard; best cast member is probably the distinctively featured Kober, doing his best to be supremely creepy.<br /><br />The climax is rather silly and the ending very weak.<br /><br />Not really even acceptable enough to rate as an average film of its kind, therefore:<br /><br />4/10",0,0
"this was a personal favorite of mine when i was young, it had everything that was great with 90's kids movies... lovable dinosaurs, cute kids, an eccentric villain, and a few great songs (and not the typical little mermaid/beauty and the beast type songs, but ones that are atually entertaining)! i ran into this movie again recently and i still love it as much as ever! i recommend that everyone of every age should see this movie, and i definitely think that it should be introduced to the younger generations! sorry not the most informative, i'm in kinda a rush... just please, trust me. all who go against this movie are killing their inner child!",1,1
"Bizarre take on the Cinderella tale. Terribly poor script, but Kathleen Turner turns in a pretty decent evil step-mother performance.<br /><br />Visually stunning in some parts, but that's about it. The period costumes range from the Elizabethan era to the 1990s. Fast forward until you see something interesting and save yourself the full 90 minutes of drivel.<br /><br />If you're really in the mood for a Cinderella story - I suggest ""Ever After: A Cinderella Story"" or ""The Glass Slipper"".",0,0
"The first look on the cover of this picture, it looks like a good rock n roll movie. But don't let the cover fool you, or the fact that Alice Cooper and Blondie is in it. The storyline is just horrible, and so is the acting. Plain and simple: BAD<br /><br />It's not a movie about a roadie, its just a thin love story, so awful that you see right through it. The only good thing about this movie, is the soundtrack.Some good songs, and that is why I give 2 out of 10. If it wasn't for the music, it would of been 0 out of 10. Meat Loaf is a horrible actor(at least he was in 1980), and the girl who plays the groupie isn't even good looking! This movie was a huge disappointment for me, because it makes a lot of good promises.",0,0
"Every one should see this movie because each one of us is broken in some way and it may help us realize 1) My life isn't as bad as I thought it was and 2) How important it is to adopt a child in need. There are so many out there. To think that the movie was actually based on a real person made us think deep about life and how the world has and always will be. Corrupt, but that corruption doesn't have to reach your home. We all have a choice! Definitely recommend this one... and while you're at it, I'd like to throw in ""The Color Purple"" and ""Woman, Thou Art Loosed"" by T.D. Jakes.<br /><br />These are all movies that are based on life and give us a glimpse of life.",1,1
"Barbra Streisand's first television special was simply fantastic! From her skit as a child to her medley of songs in a high-fashion department store -- everything was top-notch! It was easy to understand how this special received awards.<br /><br />Not muddled down by guest appearances, the focus remained on Barbra thoughout the entire production.",1,1
"""The Bubble"" is an effort to make a gay Romeo & Juliet type of story with an Israeli and a Palestinian, although it seems to come at it by way of ""Friends"" or ""Beverly Hills 90210."" The characters are shallow and trite as are the dialog and plot line. The movie seems torn between fluff and depth. On the one hand there is a pointed effort at being shallow as (in one example of many) some minor characters even ask questions that invite development of insight into the conflicts at hand, and get answers like, ""Hey, we're here to make a poster for a rave against the occupation. Don't get political!"" Beyond the obvious absurdity of such a line, it's just one of many ham-fisted signals that the movie is just as hollow and insubstantial as its title suggests. On the other hand, the movie's main pretension to depth follows the lovers to a presentation of ""Bent"" a play about gays in a Nazi labor camp. The scene on stage is awkwardly rushed, undermining its erotic power (understandable given the constraints of film-time, but still this could have been edited to much better effect.) and comes off as flimsily as the rest of the film. Too bad. This play deserves much better.<br /><br />The characters are so one-dimensionally cartoony some even have names that telegraph their entire (though the word seems inappropriate here) substance. The aggressive soldier from the crack Golani brigade is named ""Golan."" The militant Palestinian is named ""Jihad."" The striving-for-chic faghag roommate is ""Lulu."" Anyone familiar with the checkpoints and life in Palestine, whether from real life or documentaries will find the checkpoint scenes as absurdly unreal as well, the rest of this fluffy fantasy. When a Palestinian woman goes into the fastest labor on record Israeli soldiers are solicitous and helpful, an ambulance shows up in minutes. (The outcome of the birth serves to show the Palestinians as unappreciative of Israeli beneficence and even downright paranoiac.) Altogether the checkpoint is shown as a mere nuisance, not the series of bone-numbing, soul-crushing, humiliating obstructions with no regard for medical care or necessity in cases of birth, death, or severe illness. Ashraf, the Palestinian lover, seems to get through from Nablus to Tel Aviv with no problems, no papers, no hassles. He just shows up whenever he likes. When the Israelis want to get through it is much more of a challenge involving a scheme worthy of Lucy Ricardo.<br /><br />Against the backdrop of nice, supportive Israelis and surly homophobic Palestinians we move to a resolution that is utterly lacking in motivation or purpose  except as a painfully obvious dramatic device to milk sympathy for the forbidden lovers.<br /><br />Gay Israeli-Palestinian romance has been handled on stage with much more skill and depth as in Saleem's ""Salaam/Shalom"" so this film is hardly even as groundbreaking as some people would like to think.<br /><br />Gloriously bad films  like the works of Ed Wood -- at least have some striking idiosyncrasy to distinguish them. This one doesn't even have that going for it. Most of the sound track sounds like Simon and Garfunkel on quaaludes, and even with the weird oedipal touches to the gay sex scenes, the general incompetence that pervades this movie plays out like a mediocre TV-movie-of-the-week.",0,0
"Now, I won't deny that when I purchased this off eBay, I had high expectations. This was an incredible out-of-print work from the master of comedy that I so enjoy. However, I was soon to be disappointed. Apologies to those who enjoyed it, but I just found the Compleat Al to be very difficult to watch. I got a few smiles, sure, but the majority of the funny came from the music videos (which I've got on DVD) and the rest was basically filler. You could tell that this was not Al's greatest video achievement (that honor goes to UHF). Honestly, I doubt if this will ever make the jump to DVD, so if you're an ultra-hardcore Al fan and just HAVE to own everything, buy the tape off eBay. Just don't pay too much for it.",0,1
"This is a bad movie. Not one of the funny bad ones either. This is a lousy bad one. It was actually painful to watch. The direction was awful,with lots of jumping around and the green and yellow hues used throughout the movie makes the characters look sickly. Keira Knightly was not convincing as a tough chick at all,and I cannot believe Lucy Liu and Mickey Rourke signed on for this criminal waste of celluloid. The script was terrible and the acting was like fingernails across a chalkboard. If you haven't seen it,don't. You are not missing anything and will only waste two hours of your life watching this drivel .I have seen bad movies before and even enjoyed them due to their faults. This one is just a waste of time.",0,0
"Oh, this is such a glorious musical. There's a bit of miscasting -- Frank Sinatra is sorely miscast as the Jewish Nathan Detroit, though it only becomes evident on ""Sue Me"", which is a distinctly Jewish song. Sadly, the filmmakers decided to cut out one of the best songs from the show, ""Marry the Man Today"", and replaced it with an inferior Sinatra showpiece. With these two flaws in mind, the movie is otherwise magnificent. Jean Simmons shines as Sarah Brown. Marlon Brando can't sing worth beans, but pulls it off anyway. Stubby Kaye wonderfully reprises his Broadway role (it was written for him). Damon Runyon's language and pacing and humor come through quite well. This is on my see-it-every-chance-I-get list.",1,1
"This had to be one of the most god awful wrestlemanias ever and is only saved by 2 matches. The hardcore match between Edge and Mick Foley, also Vince Mcmahon against Shaun Michaels. The main event between Cena and Triple H was a complete washout and to be honest I nearly fell asleep it was so actionless, the casket match was not worthy of having the Undertaker appear in it and the match between the Boogie Man and Booker T was a complete joke. If you are really a big fan of the WWE and have missed the early days of the WWF and the Wrestlemanias 17 and 19 you'll probably love this. But I found that this Wrestlemania left a lot to be desired.",0,0
"Seriously, I've read some of the reviews on this film, and I have to ask, were you people watching the same movie.<br /><br />Yes, I give the set directors a lot of credit for being able to recreate 1930 vintage Los Angeles, but so what? <br /><br />None of the characters are likable, the story seems aimless, Karen Black is simply not a very good actress. Donald Sutherland is just icky. (and his character ""Homer Simpson"" makes me wish for the animated version. D'oh!) Then you had the creepy child actor, the creepier Billy Barty, and so on.<br /><br />This is one of those films cinema buffs love and the rest of us look at each other and go, ""What the heck!""",0,0
"Profanity, stupidity, self-indulgence, and bad acting all join forces for a true tour de force in terrible movie-making. Pesci's attempt to prove My Cousin Vinny was no fluke, shows the opposite instead. He is generally too lightweight and foulmouthed to handle the lead. A true must-miss!",0,0
"As an avid fan of the Flashman books by George McDonald Fraser, I looked forward immensely to seeing Flashy on the big screen when this film was first released. Sadly it was a huge disappointment then - so I left it alone for 20 years before going back to watch it again, but it was no better the second time. Mr Fraser is a tremendously skillful writer, but I am not a fan of his film screenplay work with Richard Lester. The penchant for slapstick spoilt 'The Three Musketeers' for me and the same applies here. To me, the whole tone and feel of the film is wrong. The Flashman books are uproariously funny in parts, but they are adventure novels. There is much seriousness in the way the adventures that Flashman has - after all, he is involved in dangerous situations. This is conveyed in the novels, but not conveyed at all on film due to the its comedic style. It is a tremendous shame as it could have a great film had it been a more faithful adaptation of the style of the book. When I first read that the book was to be filmed, the article said that the film was to star Oliver Reed. I rejoiced, as Reed to me was the epitome of Flashman. How I would have loved to see him in the role. Malcolm McDowell is a good actor, but does not fit the visual image of Flashman created by the books (too scrawny looking! Flashman is supposed to be a big strapping fellow). Neverheless Reed was excellent as Bismarck. What kills the film is that it is made as a comedy. The only scene in which it creates the true atmosphere of the book is the scene in which Flashman kills de Gautet (Tom Bell). A great shame, as the production values, costumes, sets etc are superb and the casting is generally excellent - just about everybody in the film is well cast apart from Malcolm McDowell. Possibly the directorship of Richard Lester was responsible for the way the film is, as a recent radio adaptation of 'Flash For Freedom', adapted by Mr Fraser, worked quite well. Perhaps one day we may see Flashman done justice on screen.",0,1
"THE PERVERT'S GUIDE TO CINEMA (2007) **** <br /><br />If Loving Cinema Makes Me A Pervert, So Be It!<br /><br />If you are a true 'moviefreak' like me then I'm sure you can't get enough of films about film-making and I don't mean necessarily the dry documentary know and then. I mean a total discourse on the film viewing experience. Well if that's the case have I got a lulu of a film experiment for you.<br /><br />In Sophie Fiennes (sister of Ralph & Joseph if you were wondering) has noted philosopher cum cinephile Slavoj Zizek give his analysis on cinema with some impressive (and often outrageous) takes on everything from the silent era of Chaplin thru the modern age of the Wachowski Brothers analyzing, probing, and pontificating about the psychosexual underpinnings, socioeconomic, political and of course indefinable magic of the film going experience with his unflagging, determined and near-frenetic dissertations. To go from explaining how The Bates' house in PSYCHO is actually the mirrored psyche of the conflicted Norman Bates with each level as his Ego, Superego & Id is one thing but then to suggest the same thing about each Marx Brother in barely a beat is a remarkable test of faith that wins over the skeptic layman.<br /><br />Although I had no idea who Zizek was  he resembles a hybrid of filmmaker Brian DePalma, European actor Rade Serbedzija and the hyperkinetic energy of filmmakers Quentin Tarantino and Martin Scorsese  with his sibilant tongue and passion, the host comes across as a mad prophet. <br /><br />Fiennes cleverly inserts Zizek into several of the film clips' backgrounds peppered throughout making for a humorous tone but still lets the ranting and raving continue full throttle giving pause for argument in three acts covering the gamut of films by the likes of Kubrick, Lynch, Hitchcock and films as diverse as THE WIZARD OF OZ, THE RED SHOES, and FIGHT CLUB. <br /><br />There's something for everyone and if one man can provoke an argument or at least a reason to discuss a film's themes  even if they are Freudian/Jungian to a fault  then I say this collection of film theory is worth the watch. Seek it out now if you can before it comes to home video; it's the only way to appreciate it.",1,1
"This movie was so bad it was laughable. I couldn't resist watching it though. The plot is standard, the acting quite horrible (supporting cast such as the nutty neighbor and the lawyer friend were better actors). Kind of amusing if you have some time to waste and like seeing the conclusion to a dramatic plot.<br /><br />The headliner who plays ""Kathy"" was just fascinating because I couldn't decide if her deadpan, flat affect was the result of bad surgery or simply bad acting (I decided it was both). This leaves the script to comment on, which was pretty awful. Pat remarks, idiotic decisions, and reckless stupidity on the part of every character in the movie. Maybe this is what was so riveting; I don't know. I just watched it to see how bad it could be. (Actually the dialog doesn't even qualify to be called ""cliche'"" - but it's almost completely inane.)<br /><br />All in all, very bad, cheaply made movie. The sets, the same scenes (a house, a building) were shown over and over with no artistry or actual tie-in to the action; more like props that were randomly dropped into the action in a bad play. A chase scene could have been shot by any juvenile in a warehouse or an old school: poorly shot, cheap props, minimal action.... and I still wanted to see the ending. Go figure.",0,0
"Henry Fool is a better film. But this is the perfect way to follow-up a film like 'Henry Fool.' To take Henry very seriously, his 'lies' and his mysterious aura. Even the opening shot of 'Henry Fool' when Simon puts his ear to the ground as Henry comes walking over the hill is more fully manifest through 'Fay Grim.' The over-the-top jokes, that are more or less meta-jokes (about the writing of the film and the jokes themselves), are good but the opening of the film is a little saturated in them. Also Hartley's use of Dutch angles throughout the film is jarring, yes, it's intention, but it feels forced and over-used, it goes beyond jarring to, what I'd like to call, annoying. It's a flawed film, but a must see for any Hartley or 'Henry Fool' fan. <br /><br />And don't listen to stupid reviews, don't watch this unless you've seen the first film. The intrigue, satire and wit of this movie is totally lost if you haven't seen Henry Fool. It's a sequel. That's just dumb.",1,1
"More wide-eyed, hysterical 50s hyper-cheerfulness that gives new meaning to anti-social, pathological behaviour. Danza and Grayson will leave you begging for mercy.<br /><br />It's a shame that all the people involved in the making of this movie are now dead (or in nursing homes). I kinda thought about suing them for torture. As this movie started unleashing its shamelessly aggressive operatic assault onto my poor, defenseless ear-drums, I felt instant, strong pain envelop my entire being. That damn muscular vibrato can shatter Soviet tanks into tiny bits, nevermind glass.<br /><br />""Why didn't you switch the channel if you didn't like it?"", you might ask angrily. Fair point, fair point... The answer is that I wanted to, but the pain was so sudden and excruciating that I fell to the floor, writhing in agony. With my last ounces of energy, I tried to reach the remote but couldn't.<br /><br />A silly little fisherman with the questionable talent of singing with an annoying opera voice is discovered by Niven, who then proceeds to ""pigmalionize"" him. Lanza is in love with asymmetrical Grayson, but she predictably treats him with contempt until they finally hook up. This may seem like a rather thin plot, but this noisy movie is so chock-full of singing and music that there is barely any dialogue at all. This movie is RELENTLESS. Forget about torturing hippies and war prisoners with Slayer's ""Reign In Blood"" (as in a South Park episode). Whatever little conversation there is amongst the silly adults that infest this strange 50s musical world, it's all infantile - as if they were all 6 year-olds impersonating grown-ups. I can only envy people who find movies like this funny. It must be great being easy-to-please: what a world of wonder would open up to me if only I could enjoy any silly old gag as hilarious, gut-busting comedy. <br /><br />But let's examine this phenomenon, the 50s musical. My best guess is that 50s musicals offered the more day-dreaming idealists among us a glimpse into Utopia or Heaven (depending on whether you're church-going or Lenin's-tomb-going), or at least very cheesy version of these fantasy-inspired places. TTONO is more akin to a representation of Hell, but that's just me. I don't seem to ""get"" musicals. People talk, there is a story - but then all-of-a-sudden everyone starts singing for about 4 minutes after which they abruptly calm down and then pretend as if nothing unusual happened! When you think about it, musicals are stranger than any science-fiction film.<br /><br />Worse yet, TTONO (my favourite type of pizza, btw) is not just a 50s musical, but one with opera squealing. Opera is proof that there is such a thing as over-training a voice - to the point where it becomes an ear-piercing weapon rather than a means of bringing the listener pleasure. The clearest example of this travesty is when Lanza and Grayson unite their Dark Side vocal powers for a truly unbearable duet. I tried lowering the volume. I lowered it from 18 to 14. Then from 14 to 10. Then 8. I ended up lowering it to a 1, which is usually so low that it's only heard by specially-trained dogs and certain types of marsupials, and yet I STILL could hear those two braying like donkeys!<br /><br />Take the scene in the small boat in the river. Danza starts off with one of his deafening, brain-killing tunes, and then... nothing. No animals anywhere to be seen. Even the crocodiles, who are mostly deaf, have all but left. If you look carefully, you might even see the trees change colour, from green to yellow, in a matter of minutes. No, this was not a continuity error, it was plain old torture of the flora. And those trees were just matte paintings! Imagine how real trees would have reacted.<br /><br />The reason glass breaks when a high C is belched out of the overweight belly of an operatic screamer is not due to any laws of physics relating to waves and frequency, but because glass is only human - hence can take only so much pain before committing suicide through spontaneous self-explosion. I can listen to the loudest, least friendly death metal band for hours, but give me just a minute of a soprano and I get a splitting headache.",0,0
"OK, this has got 2 be one of the worst excuses 4 a movie that i have ever had the misfortune of watching. Like all other Olsen twins movies with the possible exception of new york minute , this film had no story, gaping plot holes,disgustingly putrid acting and bad filming even!!!!!!!!! in case you haven't guessed yet I HATE MARY KATE AND ASHLEY!!!!!! The only reason i watched this was because i was really bored and nothing else was on. I wonder if the twins will EVER stop making the same stereotypical movies where they have an unbelievably stupid adventure in an exotic location and save the day meanwhile getting the help of two cute guys who drool over them immediately. The least they could would be to have a guy 4 1 of them or have them both falling 4 the same guy. The plot in this story was so imbecilic and just plain dumb. even a toddler could see the flaws in it.Maybe they should split up and start making films individually or maybe films with a different kind of story. Anyone who liked this movie was no offense-either really stupid, really artificial or has not seen any really good movie. or maybe they are really smart and just have bad cinematic choices. either way i would not recommend this movie to my worst nemesis for a good movie experience.. the only thing it is good 4 is some rib splitting laughter at the pathetic attempts to be cool. if you watch for laughs it's hilarious. basically i give it 0 or less.",0,0
"This movie had me going. The title was perhaps the greatest idea that I heard. I thought it was an independent movie about a zombie outbreak and their quest to take over the US and a group of lone survivors, band together, and plan to take out the zombies. DEAD WRONG! It's about a psycho cop with a weakness for killing his female arrests gets what's coming to him when a pack of zombie women rise from their graves in order to get proper revenge. As you can see there is nothing about the nation nor a county involved. Where to begin with the severity this cinematic disaster caused our nation.<br /><br />First off, the zombie women look like Victoria Secret models with dark eyeliner and a pale face. What are zombies but mindless, debatable intelligent, cannibalistic killing machines that eat as a result of their primitive most basic needs? These zombie women walk like streetwalkers and runway models, they talk as if they are in a poor film noir movie and not do they act like real zombies. Sure the eating and killing is there, but where is the mindlessness and the horrible disfigurement? Although it is a very interesting concept and perhaps a great satire on the zombie genre, it makes fun of that genre and asks the question, ""why can't zombies be beautiful vixen killing machines?"" I would say that this movie would be considered a really bad indie movie that was produced and made by garage junkies. I would not recommend this movie to anybody that loves zombie genres too much, it's an insult and as for scarynot even.",0,1
"Not much to say on this one. A plot you can pretty much peg, in the first 10 minutes. Nothing overly wrong with this film, very little action for an action film. There was a chance to explore the characters emotions occasionally. Whether an action film is the right genre to do that with, I'm still undecided. Sniper was one of the easiest films to watch without giving full attention to, as it had little twists and a straightforward plot. I was probably guilty of that, so with a second watch or with undivided attention it may be better.<br /><br />4/10 (but the best of my 4 out of 10's)",0,0
"Let's be honest shall we? Al Gore no more TRULY cares about the environment than most folks care about contacting foot fungus. It's a hook! Make no mistake, Al Gore is a POLITICIAN! Three years ago he was busted/ticketed in his home state doing 70 mph in a 55 mph zone driving NOT a hybrid, a Yugo, or even a GM Metro but a LINCOLN (go google it if you like)! Or how about the fact that Mr. Gore & his Hollywood buddies continue to use a private fuel-guzzling jets to attend the premiers of ""An Inconvenient Truth."" So much for conservation huh, Al? Anyway, it takes a mere minute to subjectively look at ""An Inconvenient Truth"" & discover the main fundamental flaw. While the film parades out many seemingly impressive scientists to tell the audience the EFFECTS of supposed ""global Warming"" there is not one scientist to tell us the supposed CAUSE of it. For example: I can take a hundred folks out to a parking lot & they can point out an automobile which is not running right. BUT can they tell you with any degree of certainty WHY? Generally not! A second flaw, just how accurate were the weather instruments 100 years ago (the toilet wasn't even invented yet)? What did they have, a June bug in a match box? Hell, even 50-60 years ago? Therefore, how do we know with ANY degree of certainty that the planet is ""getting warmer"" when the records of yesteryear are highly questionable at best? Or that man is THE sole cause of it? The answer is we don't & Science is NEVER a consensus. Thirty years ago, Time Magazine did a cover proclaiming a ""New Ice Age"". The truth is that any 6th grade science teacher well versed in Earth Science will tell you that Volcanic Erruptions, Solar Activity & El Ninos have more to do with our eradicate changes in climate conditions than supposed ""Global Warming."" Finally, what Al Gore fails to adequately address is; even IF America decides to follow the global gospel according to Al & implement everything he recommends, how are we going to get the rest of the world to follow suit when we can't even get them to agree on something so obvious as terrorism? Answer: It's wishful thinking, Mr. Gore & you being a former VP of the USA know it! If the folks who produced ""An Inconvenient Truth"" were really honest, they would have titled their film ""Al Gore Wants Attention."" But what I'd really like is for someone to ask the former VP this; why were two of the planet's biggest polluters (AKA China & India) EXEMPT from abiding by the Kyoto Accords? Anyway, I hear the producers of A.I.T are working on their next film entitled ""Gnomes, Fairies & Elves: Our Endangered Friends.""",0,0
"The movie was not a waste except for some boring scenes in between.But the women cast gave a pretty good show than the males who were laughable. <br /><br />But Krista Allen really rocked in the movie .Her voice was so seducing and sexy.The scenes in the bed involving Krista should have shortened but she made it so watchable and sexier than any one could do.Krista really is one of the best in such roles.She also enacted quiet well as the baddie in the last 5 minutes,which is the interesting part of the movie.<br /><br />Burt Reynolds was not that good and this was not his best as an action star.He could have chosen a better script than this.Ireally think he did for money.",0,1
"do not be suckered into renting this movie. It has nothing to do with an escape from death row, despite the (english) title. I can't think of a single good thing to say about the movie. Poor acting, poor editing, poor directing... laughable ""plot"", and the sound/music was so irritating, it's a wonder this movie doesn't come with a warning label. The only possible way to sit through this movie and enjoy it is for it's historical cheesiness quality. They just don't make films this bad anymore.",0,0
"Oh my... bad clothing, worse synth music and the worst: David Hasselhoff. The 80's are back with vengeance in Witchery, an American-Italian co-production, helmed by infamous Joe 'D'Amato on the production side and short-careered director (thank heavens for small miracles) Fabrizio Laurenti directing . Marketed as a kind of sequel to Sam Raimi's Evil Dead series in Italy (that was dubbed ""La Casa"" in there), Witchery delivers some modest gore groceries and bad acting.<br /><br />A mix of ghost story, possessions and witchcraft, the film bounces clueless from scene to another without letting some seriously wooden actors and hilarious day and night mix-ups slow it's progress to expectable ending, topped with some serious WTF surprise climax. (I just love the look on her face...) Surprisingly Laurenti manages to gather some suspense and air of malice in few - very few - scenes; unluckily for him, these few glimpses of mild movie magic go down quickly and effectively.<br /><br />The plus sides are experienced, when the gore hits the fan. This department is quite effective and entertaining in that classic latex and red paint style of the 80's Italo-gore, when things were made 100% hand-made and as shockingly and vivid as modest budgets could allow. I could only watch with sadistic glee and few laughters all the over-the-top ways that obnoxious characters (and actors) got mangled and misused, one by one. I only felt sorry for Linda Blair, who apparently haven't been let to try any other than that good old possessed girl / woman role ever in his career, or so it looks like when checking out his filmography.<br /><br />Well, folks - not much more to tell, and even less to tell home about. Don't expect too much when spending some rainy afternoon with this, and probably you'll experience at least some mild fun. It also helps if your rotten little heart pounds in the beat of 80's euro gore horror. And speaking of hearts - every movie that has David Hasselhoff getting skewered by a sizeable metal object and bleeding heavily around the room and corridors, MUST have it's one on the right place.<br /><br />This is my truth - what is yours?",0,0
"I gave this film 10 not because it is a superbly consistent movie, but for it's pure ability to evoke emotions in its audience. The story of one-woman's-struggle-against-all-odds is an old cliché by now, but very few films have carried it off with so much warmth and sincerity as The Color Purple.<br /><br />It also showed a different side to the African-American experience - showing that after slaves were granted freedom many fell into the ways of the hated 'white man' and were abusive of their own people. I find this an important point as it goes against the portray-white-on-black-violence-and-win-an-Oscar trend.<br /><br />Also the acting performances are superb - especially Oprah who I now have a new found respect for.<br /><br />Well worth watching - but keep some tissue handy.",1,1
"This film is one of the best of all time, certainly in the horror genre. The claustrophobic atmosphere is outstanding, the music is just as good as the film and the killer is as creepy as can be! Actors are fantastic, RIP Donald Pleasance you were fantastic as Dr Loomis, he made the film even better. Without him the film would be missing a vital ingredient. Jamie Lee Curtis is also superb as our beloved scream queen! Her innocence makes her unaware of the real evil that is after her until she finds her friends grossly murdered in the house, which of course is one of the films best scenes. She gives a tremendous performance. I loved this film since it scared me like hell back when I seen it in the very early 80's and I still watch it to this day as it is a marvellous movie that just brings you in to this world were you could be gutted like a fish at every turn! The fact that it is a simple format of a mad man in a mask whom has escaped from a mental asylum and ready to kill everyone in sight without them having any idea that he is there, is just shockingly terrifying and indulges you even more into the movie as the events though fiction could easily be come true. We all know that unfortunately evil does exist in this world and a mad man with a knife is certainly not uncommon, a very disturbing an deep fear for all of this. Death at any turn. Halloween of course shows this in it's most terrifying way. Horror should be believable, and that is what makes the film enjoyable. It's just a simple story that is made into an excellent and terrifying atmosphere. As well as Psycho's superb storyline, both of which I adore, I believe there formats are the best horror has to offer. To me Halloween and Psycho are the best films I have ever seen and I will watch them all my life and never grow tired of them. Halloween is undoubtedly one of the best movies of all time.",1,1
"This movie started out good, i felt like i was watching an adult version of Seinfeld. Much to quickly i started questioning the situations and actions of the main characters, and found no answers to why they were doing what they were doing. All the acting was superb but only a few scenes had brief moments where they were actually funny. Dan Cortese was amazing. I loved him in this role. His agent should show this movie to casting agents. Watch the first few scenes and then find something better, or else you will find yourself totally lost in this mess. I found this in a bin at a video store. It cost me two dollars and due to the rareness of this movie i feel like it was a good price.",0,1
What a disappointment! I hated the mummy but this one was even worse! It was very tiring and unbelievable and at a certain point I found myself sighing and yawning all the time. I can't believe that people actually liked this movie. The role of Nicholas Cage wasn't very convincing. The whole movie felt like a grand tour around America's most wanted buildings. The never stopping flow of hints and combinations wasn't very convincing either. I stopped paying attention around 30 minutes. What was supposed to be a happy night out became a total disappointment. What a drag... I guess I've just seen too many movies to enjoy National Treasure.,0,0
"You will marvel at the incredibly sophisticated computer animation, and the novelty probably won't wear off on the first, second or third viewing, but you?ll be drawn in by the characters which are so simple yet intriguing, that you may find yourself actually caring for them in an unexpected way, which may or may not make you feel a little childish due to the medium.<br /><br />Disney continues to firmly hold the title of ""Greatest Animation in the World"", with ""A Bug?s Life"" standing as one of their greatest achievements. One of the innovative attachments being the delightful ""out-takes"" added to the end of the film. The DVD has two sets of these out-takes where as I?m told the VHS cassette has one alternating version per tape. The DVD also features ""Gerry?s Game"" which is a delightful little PIXAR short that was also shown prior to the film in theaters.<br /><br />This is by far the superior insect-film in comparison to Dreamworks? ""Antz"", which in all fairness is pretty good, but lacks something in the animation and in the story development and characters. If you look at the star voices of both films, ""Antz"" is largely cast with big name ""movie"" stars with a few familiar ""TV"" star voices, where ""A Bug?s Life"" is just the opposite, loaded with ""TV"" stars with Kevin Spacey as the only stand out exception. But the difference in quality is distinct and obvious.<br /><br />Dreamworks can?t be blamed or surprised though, when you go head to head with Disney, you have your work cut out for you. This is the kind of film that almost makes me wish I had children to share it with. Don?t think for a second that this is just a movie for kids, though.",1,1
"Soap Opera about a small town married woman (Kay Francis) who works at the local newsstand, performs as leading lady in her local playhouse, but dreams of becoming a star on Broadway. When a famous actor who is a ham, a windbag, and a womanizer to boot, arrives in town she visits him in his room with dreams of him giving her tips to stardom - he pretends his valet is his ""manager"" tricking her into believing she has all it takes but ""experience"" to become a big star. Her husband finds out and punches the guy resulting in the actor's unexpected death - which leads to a murder trial and even more unexpected: a life prison sentence for hubby. Next thing you know she's joined a traveling Burlesque show in hopes of one day making it to Broadway and making enough money to get her man's freedom - all the while her baby is sleeping in a trunk!<br /><br />This film has a pretty interesting plot, well, a bit far-fetched perhaps, but very melodramatic (with tons of melodramatic music to make sure you get it) - all *greatly* enhanced by the strong, emotional performance given by Kay Francis - she just makes this film. Also helping here is the well-done acting by Minna Gombell in her role as a ""getting close to forty"" older lady who works the burlesque and befriends Kay. Worth seeing, especially for Kay Francis fans.",1,1
"Hip. Erotic. Wickedly sexy ... whatever. It's ""The Terminator"" with werewolves.<br /><br />No, seriously. The cop saves the girl (waitress!) from the big monster and refers to himself as her 'protector'. The lead actor Ryan Alosio does a pretty good job of emulating Kyle Reese ... there's a massacre in a police precinct ... the bad guy is muscular with red eyes ... and it even contains dialogue along the lines of ""You said it yourself, he won't ever stop. Never."" The dire script comes from a first-time screenwriter who, thank God, hasn't sold anything since this, and it's all thrown together by famously bad director Richard Friedman.<br /><br />The movie opens in a strip bar (always a good sign), and a mean-looking biker guy bursts in for no apparent reason, pursued by three cops. One of them is black, and (shock horror!) he's the one who gets killed in the first five minutes. The film goes downhill for the next hour or so, then picks up a little with some decent action sequences, before rounding it all up with an abysmal ending.<br /><br />For the most part, the cast come across as competent actors doing what they can with a bad script and a director who's willing to settle for less. If nothing else they appear to be learning how to act in this movie and Alosio, along with some of the supporting cast, shows signs of talent. DarkWolf in his human form is played by gargantuan Kane Hodder -- famous for his numerous portrayals of Jason Vorhees in the 'Friday the 13th' movies. He's decent enough, especially considering he isn't used to speaking roles.<br /><br />It's become famous amongst groups of horny teenage boys for the lesbian rooftop scene between Andrea Bogart and Sasha Williams, who gets her kit off a couple of times in the grand tradition of former 'Power Rangers' actresses. And it's unnervingly clear that the editor spent WAY too much time on that scene ... anyway, the main redeeming feature is that the physical werewolf effects are rather good, and the design of the wolf isn't bad at all.But the CGI is bad. Just plain bad. I mean seriously, if you can't reach some level of realism - why bother? Just throw a little extra money into the make-up! Aside from the terrible script, this movie does have it's moments, many of which are unintentionally funny. It's good for a laugh if you don't have anything better to do, but just don't spend any money on it. Please.",0,0
"Manoj Agrawal after the failure of PARDESI BABU(1998) returned with this film<br /><br />The film has Govinda in 8-9 roles, as his father, mother, grandfather, sister and later-on he also has disguises <br /><br />He in short is a useless detective send on a case by his friend to get proofs against his wife, whose photos he looses at the airport while flirting with Rani<br /><br />He disguises as a Sardarji in the plane and again as a girl The funny part is how easily and in short time he does that?<br /><br />Then he disguises as a french singer and enters a TV to get proofs lol and then as a maharashtrian(yes inside the TV itself) <br /><br />The rest of the film has the same mistaken identities and ends on a predictable note There are some funny scenes like Govinda being bashed by an African and also many other portions <br /><br />Direction by Manoj Agrawal is okay Music is okay<br /><br />Amongst actors Govinda again proves he is one of the most watchable actors He as usual is fantastic though he has done such roles before he fits in all the get ups and roles too well here again though the much hyped 6-7 roles don't actually fit in the film Rani looks fat, teams up well with Govinda thatz it She is nothing great and kept doing such type of roles Amongst rest Nirmal Pandey is as usual Johny Lever is too loud at times and funny in places in 1 role and irritates as the older Tinnu Anand is okay Satish Kaushik is hilarious, Paresh is okay Tanaaz is okay",0,1
"Pinjar by Mr dwivedi is an awesome movie. Its definitely the greaest and finest of 2003. There are very good performances in it. Dwivedi knows what he can extract from MAST Urmila. she is like u have never seen before. one true great performance. along with her is a fine actor Manoj bajpai, who has shown bollywood what he is with Bhiku Mhatre. The movie is about a girl(Urmila) living in Pre-partition pakistan. she is from a punjabi family livin in a small town. she is been kidnapped by a muslim guy as a part of a going-on-for-years kinda fight with the punjabi family. and then follows a series of twists and turns as urmila's arranged marriage is due in few days. this movie is truly a very good movie. the storyline is solid with an amazing screenplay. all the performances like lillete dubey, isha koppikar (u wont believ but she can act as well besides jus dancin on Khallas), kulbhushan kharbanda and many more. those sets with pre-partition pakistan, costumes, cinematography, sound, background score add to the positive points. from the start till the end u r stuck to u'r seat with the question whats next? this movie is not jus worth watchin but deserved to be a part of your movie collection. the ultimate scene is the end of the movie. i would suggest all those No-Kabhi-Khushi-Kabhi-gum-and-No-Dil-To-Pagal-Hai crowd to watch this amazing flick. my rating: 10/10.",1,1
"I was too young to remmeber when I first saw this movie. But I saw it for like the second time about 7 years ago. My sister told me I had to see it. Now my whole family has it memorized. We quote it at least once a day. I absolutly love this movie.I still laugh after all this time. Sure, it's about a really, really drunk millionare that is irresponsible. The whole point is that he still has the humanity lost in the others that we see in the movie. And that he is willing to give it all up for love. I highly recomend this movie to anyone who wants a laugh. A lot of laughs. Its hallarious, sweet, and if your a movie buff, it will truely change your idea of ""Funny"". Watch it with a group of your friends or your family and I promise, you will never have nothing to talk about ever again with some Authur lines in your head. It will make you laugh for years to come.<br /><br />It is really hard, in my family, to find a movie that everyone likes. But this movie, I feel, made us closer. And I know it will do the same for you!!",1,1
"""Semana Santa"" or ""Angel Of Death"" is a very weak movie. Mira Sorvino plays a detective who is trying to find a killer who shoots arrows in people. Mira has an Italian accent which falters from time to time. Couldn't she just speak English? All the other characters have a forced Mexican\English accent which is distracting. The dialogue is very bad and the delivery of it is wooden. The cinematography looks nice, but that's not enough to save this tripe. THIS NEXT PART OF THIS REVIEW DOES CONTAIN SPOILERS!!!! <br /><br />During the climax it looks like the villain is going to get away, but then he comes back down stairs to get shot and do a cool stunt down the railing. That just shows this script has no originality whatsoever. AVOID!",0,0
"Hello there,<br /><br />This is my first post in IMDb even though I use it as a reference for quite a while. I would therefore like to salute you all. The fact that I am a Greek is inevitably going to affect my judgement I hope not to your annoyance.<br /><br />I spent 2 years of my life, (all we Greeks did actually), analysing Omirus epos (and not Homers as you see everywhere), rhyme by rhyme. If I recall well it was Iliada (Iliad) on 8th grade and Odysseia (Odyssey) on 9th grade. Warner's Troy, was a big disappointment to me and my fellow Greeks around the campus (I study in the UK).<br /><br />Iliad epos is one of the very best literature works ever made. It was composed by a Greek poet Omirus a whole 400 years after the actual war. Historians put Trojan war around 1200 BC, and the actual reason of the war not being Helen's beauty but the strategically crucial position of Troy. That said one may now understand that Omirus epos is not presenting the actual events (as it's not accurate historically) but this was never the purpose of this work. <br /><br />Reading this huge poem, one can find himself wondering for the very definitions of honour, love, anger, hate, heroism, discipline, loyalty and so on. The best part and the most educational as well were these prolonged talks between the warriors before the battle. None of these though were revealed in 'Troy'<br /><br />Warner's Troy was really cheap to my eyes, and to other intellectual people English Finnish and German colleagues of me as well. It is a shame to spend millions of dollars in such a bad scenario. By the way perfect storm was a bad and stupid blockbuster (computers graphics did the whole work), and yet it is Wolfgang Petersen's best work. <br /><br />I conclude saying that you'd better watch something else instead. I would give Troy 2 out of 10. It is a really expensive B movie.<br /><br />Cheers <br /><br />Alex",0,1
"I read the book Celestine Prophecy and was looking forward to seeing the movie. Be advised that the movie is loosely based on the book. Many of the book's most interesting points do not even come out in the movie. It is a ""B"" movie at best. Many events, characters, how the character interact and meet in the book are simply changed or do not occur. The flow of events that in the book are very smooth, are choppy and fed to the view as though you a child. The character development is very poor. Personnallities of the characters differ from those in the book. The direction is similar to a ""B"" horror flick. I understand that it would take six hours in film to present all that is in the book, but they screen play base missed many points. The casting was very good.",0,0
"Eyeliner was worn nearly 6000 years ago in Egypt. Really not that much of a stretch for it to be around in the 12th century. I also didn't realize the series flopped. There is a second season airing now isn't there? It is amazing to me when commentaries are made by those who are either ill-informed or don't watch a show at all. It is a waste of space on the boards and of other's time. The first show of the series was maybe a bit painful as the cast began to fall into place, but that is to be expected from any show. The remainder of the first season is excellent. I can hardly wait for the second season to begin in the United States.",1,0
"Whoever says pokemon is stupid can die. This movie is superlative. I Even shead a tear when Celebei died. I DON'T CRY Much! This film is a touching animated thriller. <br /><br />In this fourth installment of pokemon, Ash and friends must stop the bad jerk from making Celebei the ultimate evil weapon with his dark ball. In the time, Sam and Celebei travel through time and continuously are hunted by game hunters. I like the part with the double battle and Sam has the apricorn pokeball (if you've played pokemon gold, silver, or crystal, you know what it is.)<br /><br />I also enjoyed having miramax in charge instead of Warner Brothers. Putting the mini movie at the end was a great idea. The pokemon in this movie come to life more than ever.",1,1
"Leon was fantastic as always, this time playing Little Richard in his early years. The movie showed a fully fleshed out Little Richard without neglecting to fill the show with lots of great music. My only complaint is that the ending was a little abrupt - I was hoping for a 2-parter!",1,1
"Everybody knows that Gregory Widen's original ""The Prophecy"" didn't really require a sequel, but you also don't need a degree in rocket science hanging above your chimney to realize that further cash-ins on this profitable horror concept were inevitable. Part two is a very prototypic example of a straight-to-video sequel, meaning the creative and convoluted plot of the original has been simplified a lot in favor of more action, more witty one-liners and a lot more eerie religious scenery. The only good news is that the producers managed to keep Christopher Walken for the role of Gabriel, and he delivers another gloriously brazen performance that promptly justifies the price of a rental. If it wasn't for Walken's performance (and perhaps a couple of players in the supportive cast like Brittany Murphy and Glenn Danzig), ""The Prophecy II"" surely would have disappeared into oblivion straight after its release. The movie begins with Gabriel literally getting spat out of hell to proceed with his ongoing War of Heaven here on earth. The purpose of his battle this time is to prevent the baby of nurse Valerie Rosales (Jennifer Beals) from getting born. For you see, her unborn child is the first ever hybrid between a heavenly angel and an earthly ""monkey"" and the birth of such a superior being would imply the downfall of Gabriel's evil dominion. Thus, just as in the first movie, he engages a suicidal accomplice to assist him and hunts Valerie all the way down to the Eden for the final showdown. ""The Prophecy II"" is an endurable and occasionally even entertaining movie as long as you don't make comparisons with the original and as long as you manage to overlook the multiple plot holes and errors in continuity. Whenever the storyline becomes too tedious, the makers luckily enough always insert a near-brilliant Christopher Walken moment to distract you. His interactions with the rebellious Izzy and particularly his ignorance regarding modern earthly technologies often result in worthwhile and memorable sequences. On a slightly off-topic note, I often felt like ""The Prophecy II"" ambitions to look similar to ""Terminator II""  Gabriel's resurrection looked somewhat like the teleportation of a futuristic cyborg and the Eden location, where the final battle takes place, looks very similar to the steel factory where ""Terminator II"" ended as well. Coincidence, I guess? Overall, this is an inferior and passable sequel but still worth checking out in case you're a fan of Christopher Walken's unique acting charisma (and who isn't?).",0,1
It's this sort of movie that you try and imitate. By attempting to realise something... then flying through the air almost immediately. I'd like to do that and I know you would too!<br /><br />Great stuff!,1,1
"This movie has an all star cast, John Candy, Richard Lewis, Ornella Mutti, Cybill Shepard, and Jim Belushi to name a few, run amuck in Monte Carlo, as well as some other beautiful European locations, and is very funny. The trouble that everyone gets in when they lie to protect themselves is great, and I highly recommend that you see this movie, it is well worth it! John Candy is in top form in Once Upon A Crime, as is everyone else! If you and your family are looking for a great family film, this is your ticket. Everyone gives stellar performances, great acting, great comedy, and great timing, which is rare in movies these days. Great plot, great mystery, (which I love anyways) and overall, well worth the money you spend on it. So get the kids, grab some popcorn, juice, or tea, or sodas, and enjoy the show!!!!",1,1
"This movie does not rock, as others have said. I found it really boring and silly. The story is about this metal high school kid who idolizes this really bad heavy metal singer. The singer dies, but not before making one last album that is to be played over the radio at, of course, midnight on Halloween (which would actually make it November 1st, a much less potent date to be sure). The kid gets a copy of the record and it contains secret hidden back-play messages. It also is the key that opens the door so that the really bad metal singer can return to bring havoc and death to the world. <br /><br />The first part of this film is not a horror film at all, but rather an After School Special. We see the metal kid (the outsider) tormented over and over by the popular kids. And he fails to learn the most important lesson in high school movies: When the cool kids who bully you suddenly invite you to a party, DON'T GO! It is a trap. Especially if it is a pool party. Anybody surprised when he ends up in the water?? It was such an After School Special that I kept waiting for Melissa Sue Anderson to show up and teach Jody Foster a lesson.<br /><br />So back to the horror part of the film. So this metal kid gets some powers and instead of using them to kill the bully boys (which would have made much more sense), he freaks out and tries to protect all of the bully boys and girls from harm. What? A sensitive hero? What fun is that in a horror movie? Thank goodness Carrie White did not follow this lesson. He actually tries to PREVENT having the music played at the Halloween Dance, the very music that could unleash a power to kill all the kids who had been mean to him. If it were me, I would have put that music on, and pronto. <br /><br />The rest of the movie is about this metal kid going around town trying to kill the horrible metal star he idolized. Why not partner with him and REALLY do some damage. Why you ask? It seems he is in love with one of the popular girls and does not want her hurt..more appropriate for a Molly Ringwald film. Is this a horror film or an episode of Beauty and the Beast? The movie just goes on and on at this point, with no scares, horror, or anything worth watching. If you went to high school in the late 80s like I did, this movie is fun to have a little flashback to fashions and big hair, but that is it for this film. Skip it and stay home and just listen to some KISS.",0,0
"I have to confess right off that I have never been a fan of Rodney Dangerfield. Indeed, from me he gets ""no respect."" I watched this only because my wife wanted to see it, and found exactly what I expected: a stupid story without any real humour. It's full of lame, crude jokes and a totally ridiculous plot revolving around a developer's (Dangerfield) plans to build a ski resort in Utah that just didn't capture my attention at all.<br /><br />In addition to Dangerfield the film starred a weak cast, including the likes of Andrew Dice Clay and the totally over the hill John Byner (I didn't even know he was still around until I saw his name in the credits for this.)<br /><br />This truly is a Dangerfield disaster.<br /><br />2/10",0,0
"In 2054 Paris, Avalon, a computer generated system, controls the city and when a young woman is kidnapped, detective Karas (Craig) must go against Avalon to find her.<br /><br />Renaissance is a splendid blend of film making mixed with a conceptual futuristic narrative that lights up the screen in a shocking manor with a noir themed ideology and conceptual montages that should delight many.<br /><br />Pixar are the animation masters. Their numerous Oscar winning films are endless from the charming Toy Story to the mystifying Wall-E and so any company or director has a real challenge to knock them of their perch. Renaissance isn't a film aimed for the young audience though, and like 2007's Persepolis, brings a strong and mature approach to the genre of animation to make an older and more challenging film to its targeted older generation.<br /><br />In 2005 Robert Rodriguez released a shockingly brilliant noir Sin City that shook up the whole usage of green screen with a splendid balance of filming in black and white with the odd spurts of colour and a year later, Christian Volckman took up a similar approach with this equally visually masterful stroke of film making.<br /><br />Volckman's picture however is a full on animation but it doesn't half look realistic for the majority of it's strong 1 hour and 40 minutes of running time. The faces of the character's are well portrayed and in particular, this film has got to be the finest ever for the usage of shadow. The fact we never know if its night or day is irrelevant when simply gazing into the stony faces as the shadows blend across their expressions. It is almost a clever use of pathetic fallacy, and is finely directed also.<br /><br />For anyone who has seen Persepolis you will have come to the conclusion it is one of the finest directed animations ever screened for the simple but highly conceptual artistic style by Marjane Satrapi<br /><br />Renaissance is equally on terms with that picture and in many instances rivals it with stronger graphics and a darker tone to reflect the mood. One scene in particular when Karas appears out of darkness is beautifully shot.<br /><br />The narrative revolves around a stubborn and nosey political government who keeps tabs on every citizen. The running of Paris is down to the mysterious Avalon which we don't see nearly enough to get an essence of its true dominance. Renaissance is controlling the narrative around a tired cop's attempts to rescue the mysterious woman, and then we see Craig's tired and boring cop attempt a rescue whilst battling with other elements. There are many things wrong with the scripting, not to mention the tired exasperated cop routine is now old, but there is plenty of dashing adrenaline and springy banter between characters to keep it alive right till a wonderfully shot shocking last couple of stages.",1,1
"I found this to be the most enjoyable Muppets movie, because I felt it was the most light-hearted and had the best comic delivery on most of its lines. The Muppets try to go on Broadway to sell an original musical they've written, but along the way, they run into the usual problems, including Kermit's memory loss here. While there aren't as many great cameos here as in the original ""Muppets Movie,"" there are some including Joan Rivers and Dabney Coleman. Simply the timing and delivery of so many of the lines is great, and the situations the Muppets find themselves in are hilarious. The original songs are also good here, and the ending is satisfying. There is not much else to say about the film, but Muppet fans should see it for sure. It is the funniest Muppet movie and is sure to be enjoyed by all.<br /><br />***1/2 out of ****",1,1
zero day is based of columbine high school massacre. and its a video diary of two boys. at first you don't know whats going to happen you think it is just a bad student film. until they start talking about the horrible things they are going to do in this quite school. until they start talking about pipe bombs and guns and going shooting in the woods. they is a lot to say about this movie. all know this film is well a film you forget you watching a film and watching a real video two boys made.<br /><br />the two boys act like they are in a weird cult. they burn all there stuff. like play station games books dvds homework stuff school stuff. these two boys can be anybody your friends you brothers or the people you see walking down the street. it goes through there daily actives (and that is making a gun. in the videos they make it mentions the bullying that happens to them and how people said stuff about there clothes and the things you are into I'm not saying its right but many people do do things like that.<br /><br />and also the thing is with this people are suspected to like it because of the sensitive topic they have chosen on this film.<br /><br />so thats my review on zero day.<br /><br />and lets just say the end shooting scene is messed up.,1,0
"This series was CBS networks answer to the success of the Big Valley. It was a 90 minute Western just like the ABC program was. While it was an answer, it did not have the stuff to make it past season 2.<br /><br />The problem really became reality got lost on this show. For example- in one episode, Johnny gets his eye poked out by a stick. Amazingly, by the end of the show, Johnny had healed entirely. Along with that, the stories on this were no where near as strong as The Big Valley.<br /><br />This is a show that I would not want DVDs of, & frankly hope they are never released. Think since CBS was running out of lots, they re-used many familiar settings. This was one the last western series CBS produced as westerns were not real popular in the 1970's.",0,0
"Saw this a couple times on the Sundance Channel several years ago and received a nice cinematic jolt to the system. A semi-surreal yet hard edged take on modern media culture (or the lack of it), focusing on some seriously wacked, way-beyond-the-Hollywood-fringe dwellers. It had an amusing early performance from Mark Ruffalo, and some memorable cinematography from the DP who did the Polish Brothers movies. There was a savage umcompromising humor and a weirdly original feel to it that definitely set it apart. This film had cult classic written all over it, and I'm surprised it's not yet out on DVD. <br /><br />Hopefully soon.",1,1
"I absolutely love this game to death. Ever since I was 9 years old (I am now 15). It has great graphics, characters, magic, weapons, additions, and don't forget the ultimately awesome dragoon forms! I am still waiting for a remake, prequel, or a sequel to this spectacular video game. <br /><br />You play as Dart, a young swordsman who has the potential to be quite the hero. On this adventure you encounter wondrous creatures and boss fights. You also encounter some friends on the way who have their own special element. Such as Fire, Darkness, Water/Ice, Thunder/Lightning, Earth, Light, and Wind. There are also items known as dragoon spirits, which allow you to transform into magical creatures of legend. Dragons, wizards, creatures called winglies and evil creatures you'll have to face on this adventure of action-packed thrills and excitement. One of my all time favorite games, The Legend of Dragoon!",1,1
"This is simply the funniest movie I've seen in a long time. The bad acting, bad script, bad scenery, bad costumes, bad camera work and bad special effects are so stupid that you find yourself reeling with laughter.<br /><br />So it's not gonna win an Oscar but if you've got beer and friends round then you can't go wrong.",1,0
"An interesting change from the first one. there was more mystery to this movie then the first. Even when it ends your asking yourself what happened who was the killer. There are some good parts through the movie, the first half starts off slow and then in the last half the pace picks up. All up the movie is enjoyable. The story is 22 years after the events that occured in the first film, Norman Bates is out of an asylum and back to the Bates motel, but when a woman turns up claiming to be his real mother, things start going wrong. Perkins plays an aged Norman well again and the scene at the end was excellent, he swang that spade awfully hard.",0,1
"I really wanted to like this, but in the end it's a poorly made film with too few laughs.<br /><br />The politics are spot on, it's gonna offend the hell out of republicans but that's what it's designed to do. That alone gives me reason to chuckle.<br /><br />The problem is, it looks like it was made in a REAL hurry (like about a week). And it contains a stupid subplot about some bimbo singer, which seems to be completely off topic.<br /><br />Turiqistan is obviously Iraq, or Afghanistan, or any other number of countries the US has f**ked with since the 50s. The humour is a little dark (amputees dancing with prosthetic legs made by Tamerlane corporation) but it IS on the mark, especially with the corporations cashing in on the reconstruction (""democracy lite""!) <br /><br />However like a lot of satire criticising the US, it seems terribly heavy handed and laboured. I guess it's running counter to so much bs propaganda so it has to bludgeon people over the head to make a point. Who knows. I prefer more of a nudge, wink approach - a bit of subtlety. But that's just me.<br /><br />Anyway I might watch it again, perhaps I missed something.<br /><br />I'm hoping ""W"" is more on the mark.",0,0
"I enjoyed the movie very much, emotionally, intellectually, and visually. It contains no violence or sex or drugs or special effects, and doesn't need them one bit, holding my attention the entire time with the visuals, story, and interspersed words of wisdom.<br /><br />However: [1] some of the foreign language accents made the dialog difficult to hear & understand; [2] there is unnecessary overuse of swearing (especially the F-word, which is the only reason this movie was rated R). [3] The movie is balanced with humor and emotion, but most of the emotion that holds you throughout the film, except the final resolution last minutes, is unpleasant due to the exaggerated long-lasting dysfunctional reaction of some of the characters to loss, living in the depths of bitterness and depression for too long. [4] I will not recommend this movie because of 5-seconds of background narration, which did not add one bit to the side-character it applied to, or the film -- it only turned me off to the movie and stuck in my brain through the whole movie and afterward: the main character's mother of German ancestry, when watching old WWII movies, ""secretly roots for the Germans."" There would be no ""local color"" or art if the Nazi's won the war. I don't know of any Germans today except radical skinheads who think the world would be a better place if the Nazi's won WWII.",0,1
"The form of the film is that of a suspense shocker. There are surprises, twists and turns, reverses and excitements. At times, this is truly an ""edge-of-the-seat"" film. But it disappoints, and disappoints severely.<br /><br />The villain of the piece is not believeable; his character does not hold together. I refuse to ""spoil"" the film, but will only say that the character we meet at the beginning just could not be he whom we see at the end.<br /><br />The second major disappointment of the film is that--finally, it becomes little more that a bloody slasher film. There is little qualitative difference between this and one of the ""Friday the 13th"" films. Not that every film need always be totally tasteful, but this film does drip gore on occasion.<br /><br />Though the film features the magnificent Sean Connery, even he does not measure up to his usual standard, and often just seems to be walking through the paces.",0,0
"""Igor and the Lunatics"" is a totally inept and amateurish attempt at a crazy-hippie-cult-killing-spree horror movie. Apparently even nearly twenty years later, Charles Manson was still inspiring overenthusiastic but incompetent trash-filmmakers. This is a typical Troma production, meaning in other words, there's a lot of boring and totally irrelevant padding footage to accompany the nonsensical plot. There's a bit of random gore and gratuitous nudity on display  which isn't bad  but it's all so very pointless and ugly that it becomes frustrating to look at. ""Igor and the Lunatics"" is so desperate that it's even using a lot of the footage twice, like the circle saw killing for example. The incoherent plot tries to tell the story of a hippie cult run by the drug-addicted and Charlie Manson wannabe Paul. One of Paul's lower ranked disciples, named Igor, becomes a little bit too obsessed with the Bible stories and drug orgies and gradually causes the entire cult to descent further into criminal insanity. Just to illustrate through a little example exactly how crazy Igor is: he tears the heart straight out of the chest of a really sexy black hitch-hiker girl! There's an annoying synthesizer soundtrack and some truly embarrassingly lame pseudo-artistic camera tricks, like slow-motion footage and lurid dream sequences. Maybe there's one sequence that more or less qualifies as worthwhile for trash fanatics and that' is when a poor girl is cut in half with a machete. For no particular reason, the camera holds the shot of the blade in the bloodied stomach for fifteen whole seconds.",0,0
"This is a very well-made film, meticulously directed and with some excellent character acting that at times is deeply moving - for example the scene with the loyal but unsophisticated sidekick cop and his wife. The plot is convincingly worked out and exciting. The gangster character is particularly interesting and plays an almost metaphysical role in the life of the hero. It's made clear that the cops are just as rough and ready as the underworld characters.<br /><br />A couple of slight reservations: I found the ending slightly one-sided as it celebrates the hero's successful integration into the structure of the police and justice system, which collapses the ambiguity of the police characters which has been maintained up to that point. Also I found the lead female character somewhat weak: little more than a catalyst for the salvation of the hero, all she seems to do is weep and swoon as the tough guys battle it out.",1,1
"This movie is just plain terrible!!!! Slow acting, slow at getting to the point and wooden characters that just shouldn't have been on there. The best part was the showing of Iron Maiden singing in some video at a theater and thats it. the ending was worth watching and waiting up for but that was it!! The characters in this movie put me to sleep almost. Avoid it!!!",0,0
"Although it was released way back in 1967, IN COLD BLOOD still remains the benchmark by which all true-crime films are matched. Veteran writer/director Richard Brooks (ELMER GANTRY) adapted Truman Capote's non-fiction book into a chilling docudrama that retains a disturbing power even today, thirty-five years later.<br /><br />Robert Blake and Scott Wilson portray Perry Smith and Dick Hickock, two ex-cons who, on a tip from Hicock's old cellmate Floyd Wells, broke into the Holcomb, Kansas home of Herbert Clutter, looking for a wall safe supposedly containing $10,000. But no safe was ever found, and the two men instead wound up killing Mr. Clutter, his wife, and their two children, getting away with only a radio, a pair of binoculars, and a lousy forty dollars. Two months on the run, including an aimless ""vacation"" in northern Mexico, ended in Las Vegas when cops caught them in a stolen car. But it eventually comes out, after merciless grilling by Kansas law enforcement officials, that these two men committed that heinous crime in Holcomb. Tried and convicted on four counts of murder, they stew in jail over a five-year period of appeals and denials until both are hanged to death on April 14, 1965.<br /><br />Blake and Smith are absolutely chilling as the two dispassionate killers who show no remorse for what they've done but are concerned about getting caught. John Forsythe also does a good turn as Alvin Dewey, the chief detective investigating the crime, as does Gerald S. O'Laughlin as his assistant. In a tactic that is both faithful to Capote's book and a good artistic gambit all around, Brooks does not show the murders at the beginning; instead, he shows the two killers pulling up to the Clutter house as the last light goes out, then cuts to the next morning and the horrifying discovery of the bodies. Only during the ride back to Kansas, when Blake is questioned by Forsythe and narrates the story, do we see the true horror of what happened that night. We don't see that much blood being spilled in these scenes, but we don't need to. The shotgun blasts and the horrified look on the Clutters' faces as they know they are about to die are more than disturbing enough, so there is no need to resort to explicitly bloody slasher-film violence.<br /><br />Brooks wisely filmed IN COLD BLOOD in stark black-and-white, and the results are excellent thanks to Conrad Hall's expertise. The chilling jazz score by Quincy Jones is the capper. The end result is one of the most unsettling films of any kind ever made, devastating in its own low-key fashion. It is a 134-minute study of a crime that shook an entire state and indeed an entire nation, and should be seen, though viewer discretion is advised; the 'R' rating is there for a reason.",1,1
"It must have been several years after it was released, so don't know why it was at the movies. But as a kid I enjoyed it. I just found a VHS tape of Superman and the Mole Men at the flea market and decided to watch it again (it's been a lot of years). I wasn't expecting much, now knowing how the B movies were made at that time. But I was pleasantly surprised to find the movie very watchable and the acting by all outstanding. Usual acting in these type movies leaves a lot to be desired. Surprisingly, the writing wasn't bad either. Forget the fact that Superman went from sequence to sequence and could have kicked all their butts in the beginning, because then the story would have ended, right?! OK, the mole men costumes were hokey and not very scary (they didn't even scare me as a kid). However, making allowances for the probable low budget for background and costumes, it was a job well done by all. I recognized the sheriff right away as The Old Ranger from Death Valley Days and plenty of supporting roles in TV westerns. J. Farrell MacDonald played old Pop and was always a great supporting actor in more movies than I can count. Walter Reed and Jeff Corey were familiar faces as well from other movies. Did you recognize the old doctor as the captain of the ship that went to get King Kong? Did you recognize the little girl rolling the ball to the mole men as Lisbeth Searcy in Old Yeller? Some of the mole men were famous too. Jerry Maren has played Mayor McCheese for McDonalds, Little Oscar Mayer, was the Munchkin that handed Dorothy the lollipop, was on a Seifeld episode and a wealth of other work. Billy Curtis played an unforgettable part with Clint Eastwood in High Plains Drifter, was one of the friends met by the star in Incredible Shrinking Man, he had a part in a movie I just luckily grabbed at a flea market titled My Gal Sal with Rita Hayworth, Wizard of Oz and plenty of other parts - great actor. John Brambury was also a Munchkin. Phillis Coates, who played Lois Lane in this movie, was without question wonderful in the part and George Reeves as Superman/Clark Kent WAS Superman. He did a great job of playing the strong man. Bottom line to all I've said is that this movie is worth watching because of the cast and writing in dealing with a pretty flimsy idea for a movie. But it was the 50's and anything was possible from intruders from outer space to mole men from inner space. It is definitely worth seeing, there isn't a bad actor in the group. Whomever put the cast together was very, very fortunate to get so many gifted actors into a B type film. Some already had a wealth of experience and some were about to obtain a wealth of experience - but all were gifted. So if you get a chance to see the film, forget the dopey costumes and just enjoy the excitement and acting. Is it a bird? Is it a plane? No, just a good, old fashioned movie to enjoy!",1,1
"The only reason I am commenting is because I finally figured out why Dr. Cox was bald. Although we probably all realized it at the same time this week, Dr. Cox is bald because they showed these episodes in a different order than they filmed them. The latest episode when our favorite grumpy, Jesus-loving Nurse Roberts dies Dr. Cox shaves his head. The must have showed them out of order for some odd reason and forgot they slipped up the continuity. For shame, Scrubs. They've made mistakes like this before. I remember when Elliot is trying to date Scott Foley and her hair is wet 2 seconds before water hits her. I try not to notice these things, but my favorite show needs to step it up.",0,0
"An accurate review of nuremburg must consider the door to history inadvertently opened with the movie ""valkyrie"" (Tom Cruise). ""Valkyrie"" (2008) at long last tells the world there was a German resistance during world war two professionally organised with bureaucrats, military generals, soldiers and civilians who tried to over throw the Nazi political regime, install a new chancellor, obtain peace and close the concentration camps. However, these unknown absolute heroes received no help at all from the allies who helped the French resistance just next door. History writers have used an institutionalised agenda ever since to conceal an allied evil which cost many tens of millions of lives with everyone conditioned to believe a deception that the German people completely supported the Nazis and consequently deserved the 24 hour bombing genocide and ""unconditional surrender"" that was imposed on the Germans. <br /><br />The German enigma codes were broken by English scientists in 1943 so much of what the Germans were doing was known. During 1943 the Germans developed new jet fighters and jet bombers by companies including Arado, Heinkel and Messerschmitt. However, even if the Nazis were eliminated and the German resistance succeeded the allies wouldn't allow any democracy in the world to have jet fighters, jet bombers, high speed submarines, ballistic missiles and radio guided missiles without the USA having them first! This is where the institutionalised agenda is relevant. Consequently, the German resistance got no help at all from the allies although they always had crucial intelligence to eliminate Adolf Hitler. The 20 July 1944 coup is proof there were significant efforts by the Germans to obtain peace. Instead, the Germans got ultimatums of ""unconditional surrender"" and 24 hour saturation bombing in an agenda to avoid peace. The allies wanted to steal the world's greatest technology and scientists from the Germans and contain complete ownership through an ""unconditional surrender."" It was a premeditated allied agenda to allow the war to perpetuate and keep the Nazis in power to justify the 24 hour bombing but it took one year after d-day before allied armies advanced into Germany to steal the world's greatest technology and scientists at the barrel of a gun. However, tens of millions of people had died since the allies abandoned the German resistance for their own greed. <br /><br />The allies imposed ""unconditional surrender"" on the Germans as a pretext to complete ownership and control of German property and government and it was done without using the German resistance to over throw the Nazis. The allies wanted to steal the world's greatest technology and scientists from the Germans to achieve world technological supremacy. Consequently, everything else took second place to the evil allied agenda which killed millions of German people in the 24 hour bombing; the concentration camps stayed open; the war was prolonged and led to the ""cold war"" with weapons based on German industrial achievements, technology, and scientists taken from the Germans in world war two.<br /><br />The 1946 Nuremburg war crimes trials were a public relations deception and mass murder perpetrated by the allies as retrospective justice to the Nazis. It was a smoke screen to hide the evil and greedy allied agenda for world technological supremacy rather than help the German resistance overthrow the nazi political regime.<br /><br />Tens of millions of people died because the allies abandoned the German resistance to an agenda but they inflicted retribution against the German chiefs of staff anyway whom paid with their lives at Nuremburg war crimes or not although the allies had perpetrated genocide to achieve world technological supremacy.",0,1
"It's difficult to precisely put into words the sheer awfulness of this film. An entirely new vocabulary will have to be invented to describe the complete absence of anything even remotely recognizable as 'humor' or even 'entertainment' in ""Rabbit Test."" So, as a small contribution to this future effort, I'd like to suggest this word: <br /><br />""Hubiriffic"" (adj.) A combination of 'hubristic' and 'terrific'; used to describe overly ambitious debacles like the film ""Rabbit Test.""<br /><br />Joan Rivers and ""Hollywood Squares"" producer Jay Redack have severely over-reached their meager abilities to amuse in this 82-minute festival of wretchedness. Trying to put together an Airplane! style comedy with a moldy collection of gags, (Note to Joan: German doctors haven't been funny since Vaudeville) disinterred from their graves in the Catskills - that's is bad enough. But compounding this cinematic crime is River's directorial style, which can best be described as 'ugly', and a cast of once-and-future has-beens so eager to please they overplay even the weakest of throwaway gags.<br /><br />Adrift in this Sargasso Sea of sap is a hapless Billy Crystal in his film debut role as the film's hapless protagonist Lionel. Watching Crystal in this pic is much like watching a blind person take a stroll in a minefield; eventually the cringe reflex becomes a semi-permanent condition as cheap joke after cheap joke blows up in his face.<br /><br />I can only speculate about the sort of audience who might actually like Rabbit Test. Cabbages, mollusks and mildly retarded lizards are all likely candidates. But for self-aware, thinking humans - I'd enthusiastically recommend pouring bleach in your eyes before I'd recommend ""Rabbit Test.""",0,0
"This is a dramatic film in the whole sense of the word. It tells a tail that here in Greece we live as a routine in everyday life without realizing how sad it is. Sure it has some extremes.. but every now and then real life sorrow surpasses art.It is deeply critical of the goals we pursue and the whole social structure build around them. The film has a deeper understanding of Greek ways of life, stereotypes, and social structure. Unlike most Greek films that have a certain fast-food-mainstream audience, this one does not target anyone in particular but while you watch it you feel that someone put the best possible words and pictures to describe your feelings. I am not a big fan of traditional music either but I wouldn't like to hear anything else when it was played during the film.<br /><br />If someone told me to say something against this film I'd define the following, sometimes the transition between scenes seemed sudden or somewhat cut. I guess the editing had to cut it up to fit the 2hours and a bit for the theatres..<br /><br />Anyway I could write more and more to express my thought over this but I guess u have to see it and discuss it with a friend. A must see",1,1
"Thanks to this fungal film I do NOT want my Maypo, can't stomach the thought of Maltex or Wheatena, and even that granola over there doesn't look so innocent anymore! Why wasn't the song ""Slop Time"", by the Sherrys, used as the theme?",1,0
"Creepy & lascivious wolf. The young ""Red"" is wearing full make-up, and extremely short shorts & robe. Got about 20 minutes through and realized it could be a pedophile's dream come true. The ""up-beat"" music sounds a lot like something I'd hear at a strip club. I actually think this movie is a sick joke - it's not a family movie. Gross, glad I was watching this with my daughter, I don't want her to think it's normal for families to view quasi kiddie porn together. Very bad, Very sad it's sold as a family film, Joey Fatone will probably be embarrassed he was in it. And what's with advertising it as a ""special effects spectacular""??? The effects do look low budget, gawd awful.",0,0
"Good western filmed in the rocky Arizona wilds. Lots of tough guys throughout; Cobern's character seemed to rock back and forth between a raging psycho and a laid back type. Several holes appeared in the picture, but not enough to offset it being exciting and worth seeing. One really dumb scene shows Heston emptying .45 cases of their powder and collecting it in a sack for the purpose of starting a fire. A. To gather that much gunpowder he would have needed a pack mule to carry the ammo. B. The grass was obviously dry: why not just drop a match on it and let 'er rip?",1,0
"Despite the acclaim on the DVD cover of the version I borrowed, this film was a disappointment. Yes, it is far more realistic than other war films of the period for depicting the mud, boredom and frustration of the grunt, but unfortunately one comes away from it thinking that's ALL there is to this movie. There is no plot and the dialogue is monotonous. It's not that a good war film needs to have a battle scene every five minute. One of the best World War II films, ""Twelve O'Clock High,"" has very little action. But it compensates with crackling dialogue and psychological tension. The exception to ""The Story of G.I. Joe"" is a brief battle segment (titled ""city under siege"" on the DVD) which takes place in Italy. Admittedly it is one of the most fast-paced and convincing combat scenes of any war movie. But alas, the rest of the film is not worth watching just for this highlight. Another turn-off is Pvt. Dondaro, played by Wally Cassell, who is meant to be a ""romeo"" but comes off a pervert. By contrast, Sgt. Warnicki is a sympathetic, if flawed, man. As he says to Capt. Walker (Mitchum) when volunteering for another patrol: ""Every step forward is a step closer... to home."" But that last step  one patrol too many  drives him over the mental brink. Too bad the rest of the movie doesn't do justice to some otherwise fine touches. As for Meredith's portrayal of Pyle... it is practically comatose.",0,0
"A May day 1938 when happen a huge rally celebrating Hitler's visit to Rome serves as the backdrop for a love story between Antoniette(Sophia Loren)married to fascist(John Vernon) and Gabriel(Marcello Mastroianni). She's a boring housewife with several sons and he's a unhappy, solitary homosexual fired from radio and pursued by the fascists. She's left alone in her home when her spouse must to attend the historical celebration. Then both develop a very enjoyable relationship in spite of their differences. The film is set on the historic meeting Fuher Hitler and Duce Mussolini along with others authorities as Count Ciano and King Victor Manuel III, describing the events by a radio-voice in off which sometimes is irritating. <br /><br />It's a romantic drama carried out with sense and sensibility. An unrelentingly passionate romance between two conflicting characters. Magnificent performances from two pros make a splendid movie well worth seeing. Of course Ruggero Macarri and Ettore Scola's sensible screenplay results in ever interesting, elaborate and sentimental. Colorful and atmospheric cinematography by Pascualino De Santis. Emotive musical score by Armando Trovajoly with sensitive leitmotif. The film won deservedly Golden Globes 1978 to best Foreign Film.<br /><br />Director Scola's imagination stretches to light up the limited scenarios where are developing the drama. Usually his films take place on a few stages and are semi-theatrical. For example : ¨Le Bal¨(1982) uses a French dance-hall to illustrate the changes in society 2)¨Nuit of Varennes(1983) a stagecoach is the scenario where meet an unlikely group as Thomas Paine, Luis XVI and Marie Antoinette who fled from revolutionary Paris 3) ¨The family¨(1987)all take place in the family's grand old Roman flat; and of course 4)¨Una Giornata Particulare¨ or ¨A special day¨ where Loren and Mastroianni strikes up a marvelous relationship into their respective apartments and at the flat roof.",1,1
"I was drawn to this movie the moment I saw a preview of it on Oscar night. When I read about Kay Pollak, I was hooked. We Americans are suckers for a comeback kid.<br /><br />I understand this movie was a huge draw in Sweden. As a very provincial American I can only speculate on the reason. Perhaps it is because of the provocative joke that the Lena character makes at the beginning of the movie and other social comment but perhaps it is because of the central message which I believe has the same appeal everywhere in affluent societies.<br /><br />The message of this movie for me is the same as the movie Titanic. Life is short people and as far as anyone really knows it's all we've got. It can be taken away at any time. So isn't it a pity that we spend so much time hiding behind walls separating us from other people because we're so afraid of being hurt? Tearing down the walls is painful but feeling alive lies on the other side of those wretched walls. Feeling alive is worth taking the risk. Give and you will receive. So start living NOW.<br /><br />Many people are criticizing this movie for it's lack of characterization and other flaws. I say you are all pseudo-sophisticated. Get a grip folks, it's a parable, a fable for we affluent westerners who are materially rich but whose souls are in abject poverty.<br /><br />So join a choir or a band or help build housing or distribute food for those less fortunate than you. Spread some joy and make the world a better place as long as you get out and commune with your fellow man. Writing a check is not enough. We are a social species by the way. Even the humblest of your fellow human beings can affect you in ways you never thought possible.<br /><br />Rugged individualism has its place but it is over-rated.",1,1
"""Silverlake Life"" is a documentary and it was plain and straightforward. Actually, it was more like a home movie, and if you want dramatic illuminations, see something else. And it's by no means a tearjerker. But I mean that in positive ways. It shows two men who love each other and how being afflicted with AIDS is affecting the quality of their every-day lives. It's almost difficult for me to say whether this was a quality film or not, because it was so undressed that I had to look for other ways to respond. It's an admirable film, actually one of the most admirable, sincere documents I've ever seen. These two men have incredible integrity as their lives are reduced to the most basic parts. It makes Hollow-wood productions on AIDS seem hip and heartless. These men made this movie for themselves, which is one of the best reasons to create something. The scene where Tom sings ""You are My Sunshine"" to Mark and tells him goodbye is the real thing.",1,1
"Ahh, Talespin! What can I say that hasn't already been said about this great show? Nothing! This is without a doubt one of the most well-written shows I've ever encountered, live-action or animation. The newer stuff is way too dumbed down for my tastes, and some of the ""mature"" stuff I have to shoo kids out of the room for. But not Talespin.<br /><br />The stories are engaging and very plausible. Some of them could even be stretched out to an hour or two for a movie. Episodes like Stormy Weather and Her Chance to Dream are very dramatic while still being enjoyable for kids and adults alike. Then there are the pure comedy episodes such as the Bluest of the Baloo Bloods and Stuck on you, where the emphasis is on hilarity. I can laugh myself to tears in a few choice ones.<br /><br />The drama aspect is very lacking in most shows nowadays(at least, those which aren't specifically geared toward it), especially in cartoons. In the episode Stormy Weather for instance, Kit Cloudkicker decides that he's going to join an air circus, but Baloo believes that it would be too dangerous. In the biggest fight of the episode, Baloo yells at Kit to stay away from Daring Dan, to which Kit screams ""NO! You can't tell me what to do! YOUR'RE *NOT* *MY* *DAD*!"" and buries his face in his pillow. The next day he leaves for the air circus. This kind of drama is a rarity in a cartoon, and would be most welcome in the ones created nowadays.<br /><br />The Characters have a lot of depth to them. Baloo is pretty much the way he is in The Jungle Book, plus or minus a few degrees of laziness. Rebecca is a cunning business woman whose ideas on getting money, while good in theory, are seldom good in practice. Molly is a cute little girl, but you can't let that deceive you. She can be a real hellion sometimes. Kit Cloudkicker is a darker character than the rest. He doesn't trust adults much unless they appeal to him, and he has a tendency to break off relationships. Watch his expression in Plunder and Lightning when he grabs the grappling hook: he looks as though he's prepared to put it right through a pirate.<br /><br />In the end, it's the drama combined with the very real chemistry between the characters that makes this show #1 in my book. The relationship between Baloo and Kit is very real, almost father and son. This is demonstrated well in All's Whale That Ends Whale when Baloo takes Kit's word for it that Seymour is abusing the animals in his aquarium instead of siding with the other adults. Baloo and Becky's relationship is also realistic, due to Baloo's motivation for working comes from wanting to buy back the ol' Sea Duck, not necessarily a desire to help Rebecca. But something tells me that if he did get the Duck back he'd still do jobs for Rebecca.<br /><br />The Sea Duck, not to mention all the other planes in the series, is pretty realistically designed. The plane's functions don't change once throughout the series(continuity like that is hard to come by also), and unlike most other ""super-planes"" of other cartoons, it doesn't have one single weapon on board(unless you count mangoes!), and relies instead on it's cunning pilot's great skill to get out of trouble. It's hard to think of a hero vehicle that doesn't have some sort of gun turret, laser cannon, or even a handgun somewhere on board. And the fact that they use their heads to get out of trouble is so hard to find in a cartoon nowadays. Plus it's just such a darn cool design!<br /><br />This is definitely the best cartoon. Ever. Period. Definitely worth all ten stars!",1,1
"As an aging rocker, this movie mentions Heep and Quo - my 2 favourite bands ever - but with the incredible cast (everyone) - and the fantastic storyline - I just love this piece of creative genius. I cannot recommend it more highly - and Mick Jones added so much (Foreigner lead and primary songwriter along with the greatest rock singer ever - Lou Gramm) - I have watched this great work more than 10 times- Bill Nighy - what a voice - and Jimmy Nail - talent oozes from every pore - then Astrid.... and Karen..... what more could an aging rocker ask for!! 10/10 - bloody brilliant.<br /><br />Alastair, Perth, Western Oz, Originally from Windsor, England.",1,1
"And here's yet another piece of evidence to claim that we should all worship the Italian giallo and acknowledge it to be the absolute most unique sub genre in horror. Emilio Miraglia's ""The Red Queen Kills Seven Times"" is a totally mesmerizing wholesome of original plotting, stylish production values, enchanting music, great acting talents and inventively gory murder sequences. It's a fabulous giallo (released in the golden year 1972) that belongs in the top-five of every fan of Italian cinema. The storyline doesn't just introduce your average black-gloved & sexually frustrated killer, but blends good old-fashioned revenge motives with the macabre myth of the murderous ""Red Queen"". At young age, their grandfather tells the constantly fighting siblings Kitty and Evelyn about an uncanny lady who, once every 100 years on April 6th, kills seven people of which her sister is the inevitable last victim. Fourteen years later, Kitty has become the successful choreographer of a prominent modeling agency (even sharing her bed with the general manager) when suddenly the killing spree begins. Sister Evelyn would be the obvious culprit, but she moved to the States recently... Or has she? Complex yet compelling and involving red herrings are thrown at you every couple of minutes and the Red Queen character is definitely the most fascinating killer in giallo-history. Her face can never be seen, but she wears a blood red cloak and produces the most ghastly laugh whenever she made a new victim. She's not exactly gentle either, as her victims are barbarically stabbed with a dagger, dragged behind cars and even impaled on fences! That latter one is truly one of the greatest (= most gruesome) acts of violence I've ever seen! What more could you possibly request? Some classy and tasteful nudity, perhaps? The gorgeous female actresses got this more than covered, among them Barbara Bouchet and a young Sybil Danning. Emilio Miraglia isn't the most famous giallo-director, as he only made this one and the equally recommended ""The Night Evelyn Came Out of the Grave"", but his influence and importance should NOT be forgotten.",1,1
"The wife of a stage producer in London hopes to fix up the American song-and-dance man starring in her husband's latest show with an acquaintance, an American girl who makes her living modeling fashions in society circles. Unfortunately, the couple has already met on their own, with the girl thinking the guy is actually the show producer married to her friend (the fact he's not wearing a wedding ring should have discouraged any misunderstandings!). Wafty Fred Astaire-Ginger Rogers musical is eventually dragged back down to the earth by Dwight Taylor and Allan Scott's idiotic script, which is full of juvenile behavior. Astaire and Rogers don't just 'meet cute'--they meet ridiculously (he's tap-dancing like a madman in the hotel suite above hers and she complains). Audiences of 1935 probably didn't care how these two were going to get together--as long as they did so, and happily. Seen today, the central characters appear to have no motivation to end up in each other's arms: he plies her with flowers (after telling his friend he wants to remain ""fancy free"" in the love department) and she gives him the brush-off. Nothing that a little dancing couldn't cure! This glamorous twosome are as deliberately unreal as are the London and Venice settings, but we watch simply because the leads are Fred and Ginger. It's a fantasy for have-nots...ones who don't mind the dumbed-down plot. The musical moments do break up the monotony of the contrived scenario, yet fail to transcend the surrounding silliness. ** from ****",0,0
"Although Super Mario 64 isn't like the rest of the games in the series, it is still a classic and is every bit as good as the old games. Games with this much replay value are few and far between. Plus, this game has so much variety. There are 15 levels each with several different tasks you can do, and many other hidden tasks. The game isn't very challenging, but its lack of challenge doesn't take away from the game at all. Once you beat it, you'll want to erase your game and start again. And its just as much fun the second time, or third time, or two hundredth time. A must own for any Nintendo 64 owner, and is a reason in itself to own a Nintendo 64.",1,1
"There is not much more I can say about this movie than all of the commentaries on page one, except - as Jesse says - ""it's the berries"". All of page one's commentators wrote eloquently - as almost so as the dialog is in this movie. This just may be one of those illusive things we hear so much about, but usually are made so by the actors who deliver the lines: a beautiful script. Maybe Robert Redford did hold strict sway onto the actors/actresses during the filming of this movie, so that the beauty of the story would not get lost.<br /><br />I, too, attended church when I was very young and into my late teens. The church's pastor spoke very eloquently and quietly as the Rev. Maclean did in his church. That, in itself, is a totally different picture that is portrayed of Southern Baptist churches - no holy-rollering in my church. It was a big church, with many different programs to keep its congregation busy - the most inspiring perhaps was the music-department with its huge choir and almost classical anthems. Too, the Sunday evening-congregation was almost entirely younger people. Are you even aware it was once safe to go to church on Sunday night? How I wish it still was ! Watching ""A River Runs through It"" is very much like going to hear a beautiful sermon in a church whose members are fully involved in life. As has already been so beautifully written, the sermon for this movie is the open-space beauties of Montana - yet, aren't there also missile-silos there, too? Fly-fishing or any other activity which draws family-members closer together for a happy life - and deep understanding of one another - becomes a blessing. Although you see some of the shadier aspects of life then, too, the simplicity of the story paints a lasting impression on your heart, if you let it. Speakeasies and prostitutes are counter-balanced by the simple gatherings of old-fashioned, community picnics as this movie contains - in heavy contrasts to modern families taking their kids to Disney Land for screeching joyrides and calling it ""a day together"". There is noting wrong with that, but as ""River"" demonstrates, some of its taciturn beauty could do nothing but make life richer. This is the third film I've seen in which Tom Skeritt (?) plays a father, all different styles and brilliantly acted.<br /><br />Brad Pitt, mostly an undiscovered talent except for ""Thelma and Louise"" and ""Meet Joe Black"", and all of the cast-members deserved many awards. Little stories superbly told will get 10-of-10 from me over any movie with violence, foul language, ugliness and ""action"". I am thinking particularly of ""Crash"" and most of ""Arnold's"" movies. What a savior for peace this movie is.",1,1
"John Waters most accessible film to date is one of his better ones, considering it cut down on all of the campiness and outright vulgarity which seem to litter most of his previous work. Sure, the nudity and the sexual references are still there, at least it is presented in a fashion<br /><br />that cannot be deemed too foul or disgusting. Due to some great casting choices, this film really brought out the silliness associated with modern art and the subjective nature of your modern artist. Funny and somewhat lighthearted (if that is possible for Waters), this is one of those films I would watch on a rainy day.",1,1
"My all-time favorite movie! I have seen many movies, but this one beats them all! Excelent acting, wonderful story. You will, as a ""normal"" caring person start to love George. Altough he is an actor, he is also himself and a very lovable person. And maby most important thing: you will learn to respect & look different to people with Down Syndrome.",1,1
